name,iata,icao,lat,lon,municipality,country,type
Aleknagik / New Airport,WKK,5A8,59.2826,-158.618,Aleknagik,US,medium_airport
Burton-Nibbs International Airport,BBQ,AG-0001,17.62119,-61.79835,Codrington,AG,medium_airport
Honiara International Airport,HIR,AGGH,-9.428,160.05499,Honiara,SB,large_airport
Munda Airport,MUA,AGGM,-8.32797,157.263,Munda,SB,medium_airport
Nauru International Airport,INU,ANYN,-0.54789,166.91952,Yaren,NR,medium_airport
Aeroestación Yabotí,,AR-0767,-27.18031,-54.10737,El Soberbio,AR,medium_airport
Alxa Left Banner Bayanhot Airport,AXF,AXF,38.74832,105.58416,Bayanhot,CN,medium_airport
Baimuru Airport,VMU,AYBA,-7.49695,144.82176,Baimuru,PG,medium_airport
Buka Airport,BUA,AYBK,-5.4223,154.6727,Buka Island,PG,medium_airport
Balimo Airport,OPU,AYBM,-8.05,142.933,Balimo,PG,medium_airport
Chimbu Airport,CMU,AYCH,-6.02429,144.97099,Kundiawa,PG,medium_airport
Daru Airport,DAU,AYDU,-9.08676,143.20799,Daru,PG,medium_airport
Goroka Airport,GKA,AYGA,-6.08169,145.392,Goronka,PG,medium_airport
Gurney Airport,GUR,AYGN,-10.3115,150.334,Gurney,PG,medium_airport
Girua Airport,PNP,AYGR,-8.80454,148.30901,Popondetta,PG,medium_airport
Hoskins Airport,HKN,AYHK,-5.46385,150.40733,Kimbe,PG,medium_airport
Kerema Airport,KMA,AYKM,-7.96361,145.771,Kerema,PG,medium_airport
Kavieng Airport,KVG,AYKV,-2.5794,150.808,Kavieng,PG,medium_airport
Madang Airport,MAG,AYMD,-5.20708,145.789,Madang,PG,medium_airport
Mount Hagen Kagamuga Airport,HGU,AYMH,-5.82821,144.29941,Mount Hagen,PG,medium_airport
Mendi Airport,MDU,AYMN,-6.14774,143.657,Mendi,PG,medium_airport
Momote Airport,MAS,AYMO,-2.06189,147.424,Manus Island,PG,medium_airport
Nadzab Tomodachi International Airport,LAE,AYNZ,-6.56799,146.72654,Lae,PG,large_airport
Port Moresby Jacksons International Airport,POM,AYPY,-9.44338,147.22,Port Moresby,PG,large_airport
Tokua Airport,RAB,AYTK,-4.34046,152.38001,Kokopo,PG,medium_airport
Vanimo Airport,VAI,AYVN,-2.6926,141.3028,Vanimo,PG,medium_airport
Wapenamanda Airport,WBM,AYWD,-5.63529,143.89223,Wapenamanda,PG,medium_airport
Wewak International Airport,WWK,AYWK,-3.58383,143.66901,Wewak,PG,medium_airport
Aasiaat Airport,JEG,BGAA,68.7218,-52.7847,Aasiaat,GL,medium_airport
Neerlerit Inaat Airport,CNP,BGCO,70.7431,-22.6505,Neerlerit Inaat,GL,medium_airport
Nuuk International Airport,GOH,BGGH,64.19107,-51.67914,Nuuk,GL,large_airport
Ilulissat Airport,JAV,BGJN,69.2432,-51.0571,Ilulissat,GL,medium_airport
Kulusuk Airport,KUS,BGKK,65.5736,-37.1236,Kulusuk,GL,medium_airport
Qaanaaq Airport,NAQ,BGQQ,77.4886,-69.3887,Qaanaaq,GL,medium_airport
Kangerlussuaq International Airport,SFJ,BGSF,67.01045,-50.71529,Kangerlussuaq,GL,medium_airport
Sisimiut Airport,JHS,BGSS,66.9513,-53.7293,Sisimiut,GL,medium_airport
Pituffik Space Base,THU,BGTL,76.53063,-68.70054,Pituffik,GL,medium_airport
Akureyri International Airport,AEY,BIAR,65.65657,-18.07202,Akureyri,IS,large_airport
Egilsstaðir Airport,EGS,BIEG,65.2833,-14.4014,Egilsstaðir,IS,medium_airport
Grímsey Airport,GRY,BIGR,66.5458,-18.0173,Grímsey/Sandvík,IS,medium_airport
Hornafjörður Airport,HFN,BIHN,64.2956,-15.2272,Höfn,IS,medium_airport
Ísafjörður Airport,IFJ,BIIS,66.0581,-23.1353,Ísafjörður,IS,medium_airport
Keflavik International Airport,KEF,BIKF,63.985,-22.6056,Reykjavík,IS,large_airport
Reykjavík Domestic Airport,RKV,BIRK,64.12873,-21.93759,Reykjavík,IS,medium_airport
Vopnafjörður Airport,VPN,BIVO,65.7206,-14.8506,Vopnafjörður,IS,medium_airport
Priština Adem Jashari International Airport,PRN,BKPR,42.5728,21.0358,Prishtina,XK,large_airport
Glauber de Andrade Rocha Airport,VDC,BR-0569,-14.90789,-40.9148,Vitória da Conquista,BR,medium_airport
Caye Caulker Airport,CUK,BZ-CUK,17.73502,-88.03286,Caye Caulker,BZ,medium_airport
Caye Chapel Airport,CYC,BZ-CYC,17.68379,-88.04498,Caye Chapel,BZ,medium_airport
Corozal Airport,CZH,BZ-CZH,18.3822,-88.4119,Corozal,BZ,medium_airport
Dangriga Airport,DGA,BZ-DGA,16.98251,-88.23099,Dangriga,BZ,medium_airport
John Greif II Airport,SPR,BZ-SPR,17.9139,-87.9711,San Pedro,BZ,medium_airport
Sir Barry Bowen Municipal Airport,TZA,BZ-TZA,17.51724,-88.19577,Belize City,BZ,medium_airport
Anahim Lake Airport,YAA,CAJ4,52.4515,-125.30378,Anahim Lake,CA,medium_airport
Qualicum Beach Airport,XQU,CAT4,49.33746,-124.39309,Qualicum Beach,CA,medium_airport
Bella Bella (Campbell Island) Airport,ZEL,CBBC,52.185,-128.15699,Bella Bella,CA,medium_airport
Bazhong Enyang Airport,BZX,CN-0062,31.73842,106.64487,Bazhong,CN,medium_airport
Shaoguan Danxia Airport,HSC,CN-0079,24.9786,113.421,Shaoguan,CN,medium_airport
Jinggangshan Airport,JGS,CN-0081,26.8569,114.737,Ji'an,CN,medium_airport
Jiaxing Nanhu Airport,JNH,CN-0154,30.69806,120.66306,"Xiuzhou, Hangzhou",CN,medium_airport
Shigatse Tingri Airport,DDR,CN-0236,28.60457,86.798,Xigazê (Dingri),CN,medium_airport
Tashikuergan Hongqilafu Airport,HQL,CN-0237,37.66133,75.28888,Tashikuergan,CN,medium_airport
Leshan Airport,LSG,CN-0249,29.43863,103.74922,Leshan (Wutongqiao),CN,medium_airport
Bengbu Tenghu Airport,BFY,CN-0476,33.16629,117.05834,Bengbu,CN,medium_airport
Fort Frances Municipal Airport,YAG,CYAG,48.65575,-93.44349,Fort Frances,CA,medium_airport
Sault Ste Marie Airport,YAM,CYAM,46.48322,-84.50847,Sault Ste Marie,CA,medium_airport
Kasabonika Airport,XKS,CYAQ,53.5247,-88.6428,Kasabonika,CA,medium_airport
Winnipeg / St. Andrews Airport,,CYAV,50.0564,-97.0325,Winnipeg/Saint Andrews,CA,medium_airport
Lac du Bonnet Airport,,CYAX,50.2944,-96.01,Lac du Bonnet,CA,medium_airport
St. Anthony Airport,YAY,CYAY,51.39191,-56.08321,St. Anthony,CA,medium_airport
Tofino / Long Beach Airport,YAZ,CYAZ,49.07983,-125.77558,Tofino,CA,medium_airport
Baie-Comeau Airport,YBC,CYBC,49.1325,-68.2044,Baie-Comeau,CA,medium_airport
Bella Coola Airport,QBC,CYBD,52.3875,-126.596,Bella Coola,CA,medium_airport
Bonnyville Airport,YBY,CYBF,54.3042,-110.744,Bonnyville,CA,medium_airport
Saguenay-Bagotville Airport,YBG,CYBG,48.33012,-70.99201,Saguenay,CA,medium_airport
Baker Lake Airport,YBK,CYBK,64.2989,-96.0778,Baker Lake,CA,medium_airport
Campbell River Airport,YBL,CYBL,49.9508,-125.271,Campbell River,CA,medium_airport
Brandon Municipal Airport,YBR,CYBR,49.91,-99.9519,Brandon,CA,medium_airport
Lourdes-de-Blanc-Sablon Airport,YBX,CYBX,51.4436,-57.1853,Blanc-Sablon,CA,medium_airport
Cambridge Bay Airport,YCB,CYCB,69.1081,-105.138,Cambridge Bay,CA,medium_airport
Nanaimo Airport,YCD,CYCD,49.05497,-123.86986,Nanaimo,CA,medium_airport
Castlegar/West Kootenay Regional Airport,YCG,CYCG,49.2964,-117.632,Castlegar,CA,medium_airport
Charlo Airport,YCL,CYCL,47.9908,-66.3303,Charlo,CA,medium_airport
Dawson City Airport,YDA,CYDA,64.0431,-139.12801,Dawson City,CA,medium_airport
Deer Lake Airport,YDF,CYDF,49.20816,-57.39615,Deer Lake,CA,medium_airport
Dauphin Barker Airport,YDN,CYDN,51.1008,-100.052,Dauphin,CA,medium_airport
Edmonton International Airport,YEG,CYEG,53.3097,-113.58,Edmonton,CA,large_airport
Inuvik Mike Zubko Airport,YEV,CYEV,68.3042,-133.483,Inuvik,CA,medium_airport
Iqaluit Airport,YFB,CYFB,63.7564,-68.5558,Iqaluit,CA,medium_airport
Fredericton International Airport,YFC,CYFC,45.8687,-66.52989,Fredericton,CA,medium_airport
Fort Simpson Airport,YFS,CYFS,61.7602,-121.237,Fort Simpson,CA,medium_airport
La Grande Rivière Airport,YGL,CYGL,53.6253,-77.7042,La Grande Rivière,CA,medium_airport
Michel-Pouliot Gaspé Airport,YGP,CYGP,48.77492,-64.48189,Gaspé,CA,medium_airport
Îles-de-la-Madeleine Airport,YGR,CYGR,47.42524,-61.77861,Les Îles-de-la-Madeleine,CA,medium_airport
Havre-Saint-Pierre Airport,YGV,CYGV,50.2819,-63.6114,Havre-Saint-Pierre,CA,medium_airport
Kuujjuarapik Airport,YGW,CYGW,55.2819,-77.7653,Kuujjuarapik,CA,medium_airport
John C. Munro Hamilton International Airport,YHM,CYHM,43.17348,-79.93118,Hamilton,CA,medium_airport
Montréal / Saint-Hubert Metropolitan Airport,YHU,CYHU,45.5175,-73.4169,Montréal,CA,medium_airport
Hay River / Merlyn Carter Airport,YHY,CYHY,60.8397,-115.783,Hay River,CA,medium_airport
Halifax / Stanfield International Airport,YHZ,CYHZ,44.8808,-63.5086,Halifax,CA,large_airport
St Augustin Airport,YIF,CYIF,51.2117,-58.6583,St-Augustin,CA,medium_airport
Island Lake Airport,YIV,CYIV,53.8572,-94.6536,Island Lake,CA,medium_airport
Stephenville Dymond International Airport,YJT,CYJT,48.54339,-58.55289,Stephenville,CA,medium_airport
Kamloops John Moose Fulton Field Regional Airport,YKA,CYKA,50.70304,-120.44864,Kamloops,CA,medium_airport
Region of Waterloo International Airport,YKF,CYKF,43.4608,-80.3786,Breslau,CA,medium_airport
Schefferville Airport,YKL,CYKL,54.8053,-66.8053,Schefferville,CA,medium_airport
Lloydminster Airport,YLL,CYLL,53.3092,-110.073,Lloydminster,CA,medium_airport
Barrie-Lake Simcoe Regional Airport,YLK,CYLS,44.48506,-79.55466,Barrie,CA,medium_airport
Kelowna International Airport,YLW,CYLW,49.9561,-119.378,Kelowna,CA,large_airport
Fort McMurray International Airport,YMM,CYMM,56.6533,-111.222,Fort McMurray,CA,medium_airport
Moosonee Airport,YMO,CYMO,51.2911,-80.6078,Moosonee,CA,medium_airport
Chapais Airport,YMT,CYMT,49.7719,-74.5281,Chibougamau,CA,medium_airport
Montreal Mirabel International Airport,YMX,CYMX,45.6795,-74.0387,Montréal,CA,medium_airport
Natashquan Airport,YNA,CYNA,50.19011,-61.78898,Natashquan,CA,medium_airport
Ottawa / Gatineau Airport,YND,CYND,45.5217,-75.5636,Gatineau,CA,medium_airport
Points North Landing Airport,YNL,CYNL,58.2767,-104.082,Points North Landing,CA,medium_airport
High Level Airport,YOJ,CYOJ,58.6214,-117.165,High Level,CA,medium_airport
Ottawa Macdonald-Cartier International Airport,YOW,CYOW,45.3225,-75.6692,Ottawa,CA,large_airport
Prince Albert Glass Field,YPA,CYPA,53.2142,-105.673,Prince Albert,CA,medium_airport
Peace River Airport,YPE,CYPE,56.2269,-117.447,Peace River,CA,medium_airport
Pitt Meadows Regional Airport,,CYPK,49.21488,-122.70929,Pitt Meadows,CA,medium_airport
Pickle Lake Airport,YPL,CYPL,51.4464,-90.2142,Pickle Lake,CA,medium_airport
Port-Menier Airport,YPN,CYPN,49.8364,-64.2886,Port-Menier,CA,medium_airport
Peterborough Regional Airport,YPQ,CYPQ,44.23225,-78.36205,Peterborough,CA,medium_airport
Prince Rupert Airport,YPR,CYPR,54.2861,-130.44501,Prince Rupert,CA,medium_airport
Powell River Airport,YPW,CYPW,49.8342,-124.5,Powell River,CA,medium_airport
Puvirnituq Airport,YPX,CYPX,60.0506,-77.2869,Puvirnituq,CA,medium_airport
Fort Chipewyan Airport,YPY,CYPY,58.7672,-111.117,Fort Chipewyan,CA,medium_airport
Burns Lake Airport,YPZ,CYPZ,54.3764,-125.951,Burns Lake,CA,medium_airport
Muskoka Airport,YQA,CYQA,44.97538,-79.30655,Gravenhurst,CA,medium_airport
Quebec Jean Lesage International Airport,YQB,CYQB,46.7911,-71.3933,Quebec,CA,large_airport
The Pas Airport,YQD,CYQD,53.9714,-101.091,The Pas,CA,medium_airport
Windsor International Airport,YQG,CYQG,42.2756,-82.9556,Windsor,CA,medium_airport
Watson Lake Airport,YQH,CYQH,60.11684,-128.82199,Watson Lake,CA,medium_airport
Kenora Airport,YQK,CYQK,49.7883,-94.3631,Kenora,CA,medium_airport
Lethbridge County Airport,YQL,CYQL,49.6303,-112.8,Lethbridge,CA,medium_airport
Greater Moncton Roméo LeBlanc International Airport,YQM,CYQM,46.11319,-64.67719,Moncton,CA,medium_airport
Nakina Airport,YQN,CYQN,50.1828,-86.6964,Nakina,CA,medium_airport
Comox Valley International Airport / CFB Comox,YQQ,CYQQ,49.7108,-124.887,Comox,CA,medium_airport
Regina International Airport,YQR,CYQR,50.43194,-104.66091,Regina,CA,medium_airport
Thunder Bay International Airport,YQT,CYQT,48.3719,-89.3239,Thunder Bay,CA,medium_airport
Grande Prairie Airport,YQU,CYQU,55.1797,-118.885,Grande Prairie,CA,medium_airport
Gander International Airport,YQX,CYQX,48.93626,-54.56772,Gander,CA,medium_airport
Sydney / J.A. Douglas McCurdy Airport,YQY,CYQY,46.16107,-60.04976,Sydney,CA,medium_airport
Quesnel Airport,YQZ,CYQZ,53.0261,-122.51,Quesnel,CA,medium_airport
Resolute Bay Airport,YRB,CYRB,74.7169,-94.9694,Resolute Bay,CA,medium_airport
Roberval Airport,YRJ,CYRJ,48.51967,-72.26574,Roberval,CA,medium_airport
Red Lake Airport,YRL,CYRL,51.0669,-93.7931,Red Lake,CA,medium_airport
Ottawa / Rockcliffe Airport,YRO,CYRO,45.4605,-75.644,Ottawa,CA,medium_airport
Rankin Inlet Airport,YRT,CYRT,62.8114,-92.1158,Rankin Inlet,CA,medium_airport
Sudbury Airport,YSB,CYSB,46.625,-80.7989,Sudbury,CA,medium_airport
Stony Rapids Airport,YSF,CYSF,59.2503,-105.841,Stony Rapids,CA,medium_airport
Saint John Airport,YSJ,CYSJ,45.3161,-65.8903,Saint John,CA,medium_airport
Saint-Léonard Airport,YSL,CYSL,47.1571,-67.83624,Saint-Léonard,CA,medium_airport
Fort Smith Airport,YSM,CYSM,60.0203,-111.962,Fort Smith,CA,medium_airport
Niagara District Airport,YCM,CYSN,43.1916,-79.17169,Niagara-on-the-Lake,CA,medium_airport
Thompson Airport,YTH,CYTH,55.8011,-97.8642,Thompson,CA,medium_airport
Timmins/Victor M. Power,YTS,CYTS,48.5697,-81.3767,Timmins,CA,medium_airport
Billy Bishop Toronto City Airport,YTZ,CYTZ,43.62785,-79.39553,Toronto,CA,medium_airport
Montreal / Pierre Elliott Trudeau International Airport,YUL,CYUL,45.46784,-73.74229,Montréal,CA,large_airport
Hall Beach Airport,YUX,CYUX,68.7761,-81.2425,Sanirajak,CA,medium_airport
Rouyn Noranda Airport,YUY,CYUY,48.2061,-78.8356,Rouyn-Noranda,CA,medium_airport
Bonaventure Airport,YVB,CYVB,48.0711,-65.4603,Bonaventure,CA,medium_airport
La Ronge Airport,YVC,CYVC,55.1514,-105.262,La Ronge,CA,medium_airport
Val-d'Or Airport,YVO,CYVO,48.0533,-77.7828,Val-d'Or,CA,medium_airport
Kuujjuaq Airport,YVP,CYVP,58.0961,-68.4269,Kuujjuaq,CA,medium_airport
Norman Wells Airport,YVQ,CYVQ,65.2816,-126.798,Norman Wells,CA,medium_airport
Vancouver International Airport,YVR,CYVR,49.1939,-123.184,Vancouver,CA,large_airport
Wiarton Airport,YVV,CYVV,44.7458,-81.1072,Wiarton,CA,medium_airport
Winnipeg / James Armstrong Richardson International Airport,YWG,CYWG,49.91,-97.2399,Winnipeg,CA,large_airport
Wabush Airport,YWK,CYWK,52.9219,-66.8644,Wabush,CA,medium_airport
Williams Lake Airport,YWL,CYWL,52.1831,-122.054,Williams Lake,CA,medium_airport
Cranbrook/Canadian Rockies International Airport,YXC,CYXC,49.6108,-115.782,Cranbrook,CA,medium_airport
Saskatoon John G. Diefenbaker International Airport,YXE,CYXE,52.17072,-106.70079,Saskatoon,CA,large_airport
Medicine Hat Regional Airport,YXH,CYXH,50.0189,-110.721,Medicine Hat,CA,medium_airport
Fort St John / North Peace Regional Airport,YXJ,CYXJ,56.2381,-120.74,Fort Saint John,CA,medium_airport
Rimouski Airport,YXK,CYXK,48.47764,-68.49632,Rimouski,CA,medium_airport
Sioux Lookout Airport,YXL,CYXL,50.1139,-91.9053,Sioux Lookout,CA,medium_airport
Prince George (International) Airport,YXS,CYXS,53.88431,-122.66655,Prince George,CA,medium_airport
Northwest Regional Airport Terrace-Kitimat,YXT,CYXT,54.4685,-128.57601,Terrace,CA,medium_airport
London International Airport,YXU,CYXU,43.03285,-81.149,London,CA,medium_airport
Abbotsford International Airport,YXX,CYXX,49.0253,-122.361,Abbotsford,CA,medium_airport
Whitehorse / Erik Nielsen International Airport,YXY,CYXY,60.70853,-135.06571,Whitehorse,CA,medium_airport
North Bay Jack Garland Airport,YYB,CYYB,46.3636,-79.4228,North Bay,CA,medium_airport
Calgary International Airport,YYC,CYYC,51.11882,-114.00993,Calgary,CA,large_airport
Smithers Airport,YYD,CYYD,54.8247,-127.183,Smithers,CA,medium_airport
Fort Nelson Airport,YYE,CYYE,58.8364,-122.597,Fort Nelson,CA,medium_airport
Penticton Airport,YYF,CYYF,49.4631,-119.602,Penticton,CA,medium_airport
Charlottetown Airport,YYG,CYYG,46.28891,-63.12517,Charlottetown,CA,medium_airport
Victoria International Airport,YYJ,CYYJ,48.6472,-123.42779,Victoria,CA,large_airport
Lynn Lake Airport,YYL,CYYL,56.8639,-101.076,Lynn Lake,CA,medium_airport
Churchill Airport,YYQ,CYYQ,58.7392,-94.065,Churchill,CA,medium_airport
Goose Bay Airport,YYR,CYYR,53.3192,-60.4258,Goose Bay,CA,medium_airport
St. John's International Airport,YYT,CYYT,47.6186,-52.7519,St. John's,CA,large_airport
Mont Joli Airport,YYY,CYYY,48.6086,-68.2081,Mont-Joli,CA,medium_airport
Toronto Pearson International Airport,YYZ,CYYZ,43.67594,-79.62942,Toronto,CA,large_airport
Yellowknife International Airport,YZF,CYZF,62.4628,-114.44,Yellowknife,CA,medium_airport
Sandspit Airport,YZP,CYZP,53.2543,-131.814,Sandspit,CA,medium_airport
Coral Harbour Airport,YZS,CYZS,64.1933,-83.3594,Coral Harbour,CA,medium_airport
Port Hardy Airport,YZT,CYZT,50.6806,-127.367,Port Hardy,CA,medium_airport
Whitecourt Airport,YZU,CYZU,54.1439,-115.787,Whitecourt,CA,medium_airport
Sept-Îles Airport,YZV,CYZV,50.2233,-66.2656,Sept-Îles,CA,medium_airport
Mackenzie Airport,,CYZY,55.29779,-123.13391,Mackenzie,CA,medium_airport
Bathurst Airport,ZBF,CZBF,47.6297,-65.7389,South Tetagouche,CA,medium_airport
Masset Airport,ZMT,CZMT,54.0275,-132.125,Masset,CA,medium_airport
Sandy Lake Airport,ZSJ,CZSJ,53.0642,-93.3444,Sandy Lake,CA,medium_airport
Soummam–Abane Ramdane Airport,BJA,DAAE,36.71255,5.06991,Béjaïa,DZ,large_airport
Houari Boumediene Airport,ALG,DAAG,36.69389,3.21453,Algiers,DZ,large_airport
Tiska Djanet Airport,DJG,DAAJ,24.28545,9.46365,Djanet,DZ,large_airport
Illizi Takhamalt Airport,VVZ,DAAP,26.7235,8.62265,Illizi,DZ,medium_airport
Ain Arnat Airport,QSF,DAAS,36.17849,5.32991,Sétif,DZ,medium_airport
Aguenar – Hadj Bey Akhamok Airport,TMR,DAAT,22.81099,5.45083,Tamanrasset,DZ,large_airport
Jijel Ferhat Abbas Airport,GJL,DAAV,36.79413,5.87365,Tahir,DZ,large_airport
Annaba Rabah Bitat Airport,AAE,DABB,36.82678,7.81334,Annaba,DZ,large_airport
Mohamed Boudiaf International Airport,CZL,DABC,36.276,6.62039,Constantine,DZ,large_airport
Cheikh Larbi Tébessi Airport,TEE,DABS,35.4316,8.12072,Tébessi,DZ,medium_airport
Batna Mostefa Ben Boulaid Airport,BLJ,DABT,35.7521,6.30859,Batna,DZ,large_airport
Tindouf Airport,TIN,DAOF,27.7004,-8.1671,Tindouf,DZ,medium_airport
Chlef Aboubakr Belkaid International Airport,CFK,DAOI,36.21661,1.34111,Chlef,DZ,large_airport
Zenata – Messali El Hadj Airport,TLM,DAON,35.01273,-1.45712,Zenata,DZ,large_airport
Oran Es-Sénia (Ahmed Ben Bella) International Airport,ORN,DAOO,35.62065,-0.62249,Es-Sénia,DZ,large_airport
Béchar Boudghene Ben Ali Lotfi Airport,CBH,DAOR,31.6457,-2.26986,Béchar,DZ,medium_airport
Bordj Badji Mokhtar Airport,BMW,DATM,21.3778,0.92698,Bordj Badji Mokhtar,DZ,medium_airport
Touat-Cheikh Sidi Mohamed Belkebir Airport,AZR,DAUA,27.8376,-0.18641,Adrar,DZ,medium_airport
Biskra - Mohamed Khider Airport,BSK,DAUB,34.79318,5.7389,Biskra,DZ,large_airport
El Golea Airport,ELG,DAUE,30.58073,2.86159,El Menia,DZ,medium_airport
Noumérat - Moufdi Zakaria Airport,GHA,DAUG,32.3841,3.79411,El Atteuf,DZ,medium_airport
Hassi Messaoud-Oued Irara Krim Belkacem Airport,HME,DAUH,31.673,6.14044,Hassi Messaoud,DZ,medium_airport
In Salah Airport,INZ,DAUI,27.251,2.51202,In Salah,DZ,medium_airport
Touggourt Sidi Madhi Airport,TGR,DAUK,33.0678,6.08867,Touggourt,DZ,medium_airport
Guemar Airport - مطار قمار بالوادي,ELU,DAUO,33.5114,6.77679,Guemar,DZ,medium_airport
Timimoun Airport,TMX,DAUT,29.2371,0.27603,Timimoun,DZ,medium_airport
Ain Beida Airport,OGX,DAUU,31.9172,5.41278,Ouargla,DZ,medium_airport
Zarzaitine - In Aménas Airport,IAM,DAUZ,28.0515,9.64291,In Aménas,DZ,medium_airport
Cotonou Cadjehoun International Airport,COO,DBBB,6.35723,2.38435,Cotonou,BJ,large_airport
Ouagadougou Thomas Sankara International Airport,OUA,DFFD,12.3532,-1.51242,Ouagadougou,BF,large_airport
Bobo Dioulasso Airport,BOY,DFOO,11.1601,-4.33097,Bobo Dioulasso,BF,large_airport
Kotoka International Airport,ACC,DGAA,5.60519,-0.16679,Accra,GH,large_airport
Ho Airport,,DGAH,6.57969,0.53255,Ho,GH,medium_airport
Yakubu Tali International Airport,TML,DGLE,9.55391,-0.86606,Tamale,GH,large_airport
Prempeh I International Airport,KMS,DGSI,6.71456,-1.59082,Kumasi,GH,large_airport
Sunyani Airport,NYI,DGSN,7.36183,-2.32876,Sunyani,GH,medium_airport
Takoradi Airport,TKD,DGTK,4.89606,-1.77476,Sekondi-Takoradi,GH,medium_airport
Félix-Houphouët-Boigny International Airport,ABJ,DIAP,5.26139,-3.92629,Abidjan,CI,large_airport
Bouaké Airport,BYK,DIBK,7.7388,-5.07367,Bouaké,CI,medium_airport
Korhogo Airport,HGO,DIKO,9.38718,-5.55666,Korhogo,CI,medium_airport
San Pedro Airport,SPY,DISP,4.74672,-6.66082,,CI,medium_airport
Umaru Musa Yar'adua Airport,DKA,DN57,13.0078,7.66045,Katsina,NG,medium_airport
Nnamdi Azikiwe International Airport,ABV,DNAA,9.00679,7.26317,Abuja,NG,large_airport
Akwa Ibom International Airport,QUO,DNAI,4.8725,8.093,Uyo,NG,medium_airport
Akure Airport,AKR,DNAK,7.24674,5.30101,Akure,NG,medium_airport
Asaba International Airport,ABB,DNAS,6.20417,6.66528,Asaba,NG,large_airport
Sir Abubakar Tafawa Balewa Bauchi State International Airport,BCU,DNBC,10.48283,9.744,Bauchi,NG,large_airport
Benin Airport,BNI,DNBE,6.31698,5.5995,Benin,NG,medium_airport
Bayelsa International Airport,,DNBY,4.95759,6.20333,Yenagoa,NG,medium_airport
Margaret Ekpo International Airport,CBQ,DNCA,4.97602,8.3472,Calabar,NG,medium_airport
Akanu Ibiam International Airport,ENU,DNEN,6.47372,7.56046,Enegu,NG,large_airport
Gombe Lawanti International Airport,GMO,DNGO,10.29889,10.9,Gombe,NG,medium_airport
Ibadan Airport,IBA,DNIB,7.36246,3.97833,Ibadan,NG,medium_airport
General Tunde Idiagbon International Airport,ILR,DNIL,8.44021,4.49392,Ilorin/Ogbomosho,NG,large_airport
Sam Mbakwe International Cargo Airport,QOW,DNIM,5.42706,7.20603,Owerri,NG,medium_airport
Yakubu Gowon Airport,JOS,DNJO,9.63983,8.86905,Jos,NG,medium_airport
Kaduna International Airport,KAD,DNKA,10.696,7.32011,Kaduna,NG,large_airport
Mallam Aminu Kano International Airport,KAN,DNKN,12.04561,8.52357,Kano,NG,large_airport
Maiduguri International Airport,MIU,DNMA,11.85416,13.0807,Maiduguri,NG,large_airport
Makurdi Airport,MDI,DNMK,7.70388,8.61394,Makurdi,NG,medium_airport
Murtala Muhammed International Airport,LOS,DNMM,6.57737,3.32116,Lagos,NG,large_airport
Port Harcourt International Airport,PHC,DNPO,5.01549,6.94959,Port Harcourt,NG,large_airport
Sadiq Abubakar III International Airport,SKO,DNSO,12.91573,5.20755,Sokoto,NG,large_airport
Warri Airport,QRW,DNSU,5.59821,5.8187,Okpe,NG,medium_airport
Yola Airport,YOL,DNYO,9.25755,12.4304,Yola,NG,medium_airport
Diori Hamani International Airport,NIM,DRRN,13.4815,2.18361,Niamey,NE,large_airport
Zinder Airport,ZND,DRZR,13.779,8.98376,Zinder,NE,medium_airport
Tabarka-Aïn Draham International Airport,TBJ,DTKA,36.98,8.87694,Tabarka,TN,medium_airport
Monastir Habib Bourguiba International Airport,MIR,DTMB,35.7581,10.7547,Monastir,TN,medium_airport
Enfidha - Hammamet International Airport,NBE,DTNH,36.07583,10.43861,Enfidha,TN,medium_airport
Tunis Carthage International Airport,TUN,DTTA,36.851,10.2272,Tunis,TN,large_airport
Gafsa Ksar International Airport,GAF,DTTF,34.422,8.8225,Gafsa,TN,medium_airport
Gabès Matmata International Airport,GAE,DTTG,33.73369,9.91941,Gabès,TN,medium_airport
Djerba Zarzis International Airport,DJE,DTTJ,33.87372,10.7773,Mellita,TN,large_airport
Sfax Thyna International Airport,SFA,DTTX,34.718,10.691,Sfax,TN,medium_airport
Tozeur Nefta International Airport,TOE,DTTZ,33.9397,8.11056,Tozeur,TN,medium_airport
Lomé–Tokoin International Airport,LFW,DXXX,6.16561,1.25451,Lomé,TG,large_airport
Antwerp International Airport (Deurne),ANR,EBAW,51.19067,4.46315,Antwerp,BE,medium_airport
Brussels Airport,BRU,EBBR,50.9014,4.48444,Zaventem,BE,large_airport
Brussels South Charleroi Airport,CRL,EBCI,50.46196,4.45956,Charleroi,BE,large_airport
Liège Airport,LGG,EBLG,50.63857,5.4439,Grâce-Hollogne,BE,medium_airport
Ostend-Bruges International Airport,OST,EBOS,51.1998,2.87467,Oostende,BE,large_airport
Heringsdorf Airport,HDF,EDAH,53.8787,14.1523,Zirchow,DE,medium_airport
Berlin Brandenburg Airport,BER,EDDB,52.36174,13.50234,Berlin,DE,large_airport
Dresden Airport,DRS,EDDC,51.13412,13.76783,Dresden,DE,large_airport
Erfurt-Weimar Airport,ERF,EDDE,50.97828,10.96071,Erfurt,DE,large_airport
Frankfurt Main Airport,FRA,EDDF,50.02671,8.55835,Frankfurt am Main,DE,large_airport
Münster Osnabrück Airport,FMO,EDDG,52.13382,7.68848,Greven,DE,large_airport
Hamburg Helmut Schmidt Airport,HAM,EDDH,53.6304,9.98823,Hamburg,DE,large_airport
Cologne Bonn Airport,CGN,EDDK,50.8659,7.14274,Köln (Cologne),DE,large_airport
Düsseldorf Airport,DUS,EDDL,51.2895,6.76678,Düsseldorf,DE,large_airport
Munich Airport,MUC,EDDM,48.3538,11.7861,Munich,DE,large_airport
Nuremberg Airport,NUE,EDDN,49.4987,11.07806,Nuremberg,DE,large_airport
Leipzig/Halle Airport,LEJ,EDDP,51.42066,12.2327,Schkeuditz,DE,large_airport
Saarbrücken Airport,SCN,EDDR,49.21455,7.10973,Saarbrücken,DE,medium_airport
Stuttgart Airport,STR,EDDS,48.6899,9.22196,Stuttgart,DE,large_airport
Hannover Airport,HAJ,EDDV,52.4611,9.68508,Hannover,DE,large_airport
Bremen Airport,BRE,EDDW,53.04679,8.78932,Bremen,DE,large_airport
Frankfurt-Hahn Airport,HHN,EDFH,49.94635,7.26173,Frankfurt am Main (Lautzenhausen),DE,large_airport
Mannheim-City Airport,MHG,EDFM,49.47306,8.51417,Mannheim,DE,medium_airport
Lübeck Blankensee Airport,LBC,EDHL,53.8054,10.7192,Lübeck,DE,medium_airport
Memmingen Allgau Airport,FMM,EDJA,47.98809,10.23825,Memmingen,DE,large_airport
Paderborn Lippstadt Airport,PAD,EDLP,51.61253,8.61746,Büren,DE,large_airport
Weeze (Niederrhein) Airport,NRN,EDLV,51.60136,6.14123,Weeze,DE,large_airport
Dortmund Airport,DTM,EDLW,51.5183,7.61224,Dortmund,DE,large_airport
Bodensee Airport Friedrichshafen,FDH,EDNY,47.6713,9.51149,Friedrichshafen,DE,large_airport
Karlsruhe Baden-Baden Airport,FKB,EDSB,48.7794,8.0805,Rheinmünster,DE,large_airport
Kassel Airport,KSF,EDVK,51.41839,9.39164,Calden,DE,large_airport
Westerland Sylt Airport,GWT,EDXW,54.9132,8.34047,Sylt,DE,medium_airport
Kärdla Airport,KDL,EEKA,58.9908,22.8307,Kärdla,EE,medium_airport
Kuressaare Airport,URE,EEKE,58.2299,22.5095,Kuressaare,EE,medium_airport
Pärnu Airport,EPU,EEPU,58.419,24.4728,Pärnu,EE,medium_airport
Lennart Meri Tallinn Airport,TLL,EETN,59.41325,24.83264,Tallinn,EE,large_airport
Tartu Airport,TAY,EETU,58.30744,26.68647,Tartu,EE,medium_airport
Enontekio Airport,ENF,EFET,68.3626,23.4243,Enontekio,FI,medium_airport
Helsinki Vantaa Airport,HEL,EFHK,60.31836,24.96334,Helsinki (Vantaa),FI,large_airport
Ivalo Airport,IVL,EFIV,68.6073,27.4053,Ivalo,FI,large_airport
Joensuu Airport,JOE,EFJO,62.65881,29.6194,Joensuu,FI,medium_airport
Jyväskylä Airport,JYV,EFJY,62.3995,25.6783,Jyväskylän Maalaiskunta,FI,medium_airport
Kemi-Tornio Airport,KEM,EFKE,65.7787,24.5821,Kemi / Tornio,FI,medium_airport
Kajaani Airport,KAJ,EFKI,64.2855,27.6924,Kajaani,FI,medium_airport
Kokkola-Pietarsaari Airport,KOK,EFKK,63.7212,23.1431,Kokkola / Kruunupyy,FI,medium_airport
Kuusamo Airport,KAO,EFKS,65.9876,29.2394,Kuusamo,FI,medium_airport
Kittilä International Airport,KTT,EFKT,67.701,24.8468,Kittilä,FI,large_airport
Kuopio Airport,KUO,EFKU,63.0071,27.7978,Kuopio / Siilinjärvi,FI,large_airport
Lappeenranta Airport,LPP,EFLP,61.0446,28.14474,Lappeenranta,FI,large_airport
Mariehamn Airport,MHQ,EFMA,60.1222,19.8982,Mariehamn,FI,medium_airport
Oulu Airport,OUL,EFOU,64.9301,25.3546,Oulu / Oulunsalo,FI,large_airport
Pori Airport,POR,EFPO,61.4617,21.8,Pori,FI,medium_airport
Rovaniemi Airport,RVN,EFRO,66.56333,25.82975,Rovaniemi,FI,large_airport
Savonlinna Airport,SVL,EFSA,61.9431,28.9451,Savonlinna,FI,medium_airport
Tampere-Pirkkala Airport,TMP,EFTP,61.4141,23.6044,Tampere / Pirkkala,FI,large_airport
Turku Airport,TKU,EFTU,60.5141,22.2628,Turku,FI,large_airport
Vaasa Airport,VAA,EFVA,63.05023,21.76254,Vaasa,FI,large_airport
Belfast International Airport,BFS,EGAA,54.6575,-6.21583,Belfast,GB,large_airport
George Best Belfast City Airport,BHD,EGAC,54.6181,-5.8725,Belfast,GB,medium_airport
City of Derry Airport,LDY,EGAE,55.0428,-7.16111,"Derry, Derry and Strabane",GB,medium_airport
Birmingham Airport,BHX,EGBB,52.4539,-1.74803,"Birmingham, West Midlands",GB,large_airport
Manchester Airport,MAN,EGCC,53.34938,-2.27952,"Manchester, Greater Manchester",GB,large_airport
Campbeltown Airport,CAL,EGEC,55.4372,-5.68639,Campbeltown,GB,medium_airport
Eday Airport,EOI,EGED,59.1906,-2.77222,Eday,GB,medium_airport
Cardiff International Airport,CWL,EGFF,51.3967,-3.34333,Cardiff,GB,large_airport
Bristol Airport,BRS,EGGD,51.38233,-2.71645,Bristol,GB,large_airport
Liverpool John Lennon Airport,LPL,EGGP,53.33486,-2.84964,Liverpool,GB,large_airport
London Luton Airport,LTN,EGGW,51.8747,-0.36833,"Luton, Luton",GB,large_airport
Bournemouth Airport,BOH,EGHH,50.78048,-1.83958,Bournemouth,GB,medium_airport
Southampton Airport,SOU,EGHI,50.9503,-1.3568,Southampton,GB,medium_airport
Cornwall Airport Newquay,NQY,EGHQ,50.4406,-4.99541,Newquay,GB,medium_airport
Alderney Airport,ACI,EGJA,49.7061,-2.21472,Saint Anne,GG,medium_airport
Guernsey Airport,GCI,EGJB,49.435,-2.60197,Saint Peter Port,GG,medium_airport
Jersey Airport,JER,EGJJ,49.2079,-2.19551,St. Peter,JE,medium_airport
London Gatwick Airport,LGW,EGKK,51.14874,-0.18574,London,GB,large_airport
London City Airport,LCY,EGLC,51.5053,0.05528,London,GB,medium_airport
London Heathrow Airport,LHR,EGLL,51.47075,-0.45991,London,GB,large_airport
London Southend Airport,SEN,EGMC,51.57056,0.69363,"Southend-on-Sea, Essex",GB,medium_airport
Humberside Airport,HUY,EGNJ,53.57615,-0.34954,"Grimsby, Lincolnshire",GB,medium_airport
Leeds Bradford Airport,LBA,EGNM,53.8659,-1.66057,"Leeds, West Yorkshire",GB,large_airport
Isle of Man Airport,IOM,EGNS,54.08308,-4.62387,Castletown,IM,large_airport
Newcastle International Airport,NCL,EGNT,55.03796,-1.68958,"Newcastle upon Tyne, Tyne and Wear",GB,large_airport
Teesside International Airport,MME,EGNV,54.5092,-1.42941,"Darlington, Durham",GB,medium_airport
East Midlands Airport,EMA,EGNX,52.8311,-1.32806,"Nottingham, Leicestershire",GB,large_airport
Kirkwall Airport,KOI,EGPA,58.9579,-2.90508,"Kirkwall, Orkney Islands",GB,medium_airport
Sumburgh Airport,LSI,EGPB,59.8789,-1.29556,"Lerwick, Shetland",GB,medium_airport
Wick John O'Groats Airport,WIC,EGPC,58.4589,-3.09306,Wick,GB,medium_airport
Aberdeen International Airport,ABZ,EGPD,57.2019,-2.19778,Aberdeen,GB,large_airport
Inverness Airport,INV,EGPE,57.5425,-4.0475,Inverness,GB,medium_airport
Glasgow Airport,GLA,EGPF,55.8719,-4.43306,Glasgow,GB,large_airport
Edinburgh Airport,EDI,EGPH,55.95014,-3.37229,Edinburgh,GB,large_airport
Islay Airport,ILY,EGPI,55.68271,-6.25753,"Isle of Islay, Argyll and Bute",GB,medium_airport
Glasgow Prestwick Airport,PIK,EGPK,55.5015,-4.57718,"Prestwick, South Ayrshire",GB,large_airport
Benbecula Airport,BEB,EGPL,57.4811,-7.36278,Balivanich,GB,medium_airport
Dundee Airport,DND,EGPN,56.4525,-3.02583,Dundee,GB,medium_airport
Stornoway Airport,SYY,EGPO,58.2156,-6.33111,"Stornoway, Western Isles",GB,medium_airport
Barra Airport,BRR,EGPR,57.0228,-7.44306,Eoligarry,GB,medium_airport
Tiree Airport,TRE,EGPU,56.4992,-6.86917,"Balemartine, Argyll and Bute",GB,medium_airport
Norwich Airport,NWI,EGSH,52.6758,1.28278,"Norwich, Norfolk",GB,medium_airport
London Stansted Airport,STN,EGSS,51.885,0.235,"London, Essex",GB,large_airport
Exeter International Airport,EXT,EGTE,50.73426,-3.41398,"Exeter, Devon",GB,medium_airport
Mount Pleasant Airport / RAF Mount Pleasant,MPN,EGYP,-51.82264,-58.44578,Mount Pleasant,FK,large_airport
Amsterdam Airport Schiphol,AMS,EHAM,52.3086,4.76389,Amsterdam,NL,large_airport
Maastricht Aachen Airport,MST,EHBK,50.91109,5.7694,Maastricht,NL,large_airport
Eindhoven Airport,EIN,EHEH,51.4501,5.37453,Eindhoven,NL,large_airport
Groningen Airport Eelde,GRQ,EHGG,53.11911,6.57765,Groningen,NL,large_airport
Rotterdam The Hague Airport,RTM,EHRD,51.9569,4.43722,Rotterdam,NL,large_airport
Cork International Airport,ORK,EICK,51.8413,-8.49111,Cork,IE,large_airport
Donegal Airport,CFN,EIDL,55.0442,-8.341,Donegal,IE,medium_airport
Dublin Airport,DUB,EIDW,53.42871,-6.26212,Dublin,IE,large_airport
Ireland West Airport Knock,NOC,EIKN,53.91044,-8.817,Charlestown,IE,large_airport
Kerry Airport,KIR,EIKY,52.1809,-9.52378,Farranfore,IE,medium_airport
Shannon Airport,SNN,EINN,52.702,-8.92482,Shannon,IE,large_airport
Aarhus Airport,AAR,EKAH,56.30333,10.61829,Aarhus,DK,large_airport
Billund Airport,BLL,EKBI,55.74034,9.15702,Billund,DK,large_airport
Copenhagen Kastrup Airport,CPH,EKCH,55.6179,12.656,Copenhagen,DK,large_airport
Esbjerg Airport,EBJ,EKEB,55.5259,8.5534,Esbjerg,DK,medium_airport
Midtjyllands Airport / Air Base Karup,KRP,EKKA,56.29714,9.10431,Karup,DK,medium_airport
Odense Hans Christian Andersen Airport,ODE,EKOD,55.47531,10.32721,Odense,DK,large_airport
Copenhagen Roskilde Airport,RKE,EKRK,55.5856,12.1314,Roskilde,DK,medium_airport
Bornholm Airport,RNN,EKRN,55.0633,14.7596,Rønne,DK,medium_airport
Sønderborg Airport,SGD,EKSB,54.9644,9.79173,Sønderborg,DK,medium_airport
Vágar Airport,FAE,EKVG,62.06326,-7.27578,Vágar,FO,large_airport
Aalborg Airport,AAL,EKYT,57.09476,9.84993,Aalborg,DK,large_airport
Luxembourg-Findel International Airport,LUX,ELLX,49.62685,6.21213,Luxembourg,LU,large_airport
Ålesund Airport,AES,ENAL,62.56044,6.11085,Ålesund,NO,large_airport
"Andøya Airport, Andenes",ANX,ENAN,69.29519,16.13938,Andenes,NO,medium_airport
Alta Airport,ALF,ENAT,69.9761,23.3717,Alta,NO,medium_airport
"Brønnøysund Airport, Brønnøy",BNN,ENBN,65.4611,12.2175,Brønnøy,NO,medium_airport
Bodø Airport,BOO,ENBO,67.2692,14.3653,Bodø,NO,large_airport
"Bergen Airport, Flesland",BGO,ENBR,60.2934,5.21814,Bergen,NO,large_airport
Båtsfjord Airport,BJF,ENBS,70.60025,29.69261,Båtsfjord,NO,medium_airport
Berlevåg Airport,BVG,ENBV,70.87152,29.0341,Berlevåg,NO,medium_airport
Kristiansand Airport,KRS,ENCN,58.2042,8.08537,Kristiansand(Kjevik),NO,large_airport
Bardufoss Airport,BDU,ENDU,69.0558,18.5404,Målselv,NO,medium_airport
Harstad/Narvik Airport,EVE,ENEV,68.4913,16.6781,Evenes,NO,large_airport
Florø Airport,FRO,ENFL,61.5836,5.02472,Florø,NO,medium_airport
Oslo-Gardermoen International Airport,OSL,ENGM,60.1939,11.1004,Oslo (Gardermoen),NO,large_airport
"Haugesund Airport, Karmøy",HAU,ENHD,59.3453,5.20836,Karmøy,NO,medium_airport
Hammerfest Airport,HFT,ENHF,70.6797,23.6686,Hammerfest,NO,medium_airport
"Honningsvåg Airport, Valan",HVG,ENHV,71.0097,25.9836,Honningsvåg,NO,medium_airport
"Kristiansund Airport, Kvernberget",KSU,ENKB,63.1118,7.82452,Kvernberget,NO,medium_airport
"Kirkenes Airport, Høybuktmoen",KKN,ENKR,69.7258,29.8913,Kirkenes,NO,medium_airport
Leknes Airport,LKN,ENLK,68.1525,13.6094,Leknes,NO,medium_airport
Mehamn Airport,MEH,ENMH,71.0297,27.8267,Mehamn,NO,medium_airport
"Molde Airport, Årø",MOL,ENML,62.7447,7.2625,Årø,NO,medium_airport
"Mosjøen Airport, Kjærstad",MJF,ENMS,65.784,13.2149,Mosjøen,NO,medium_airport
"Lakselv Airport, Banak",LKL,ENNA,70.0688,24.9735,Lakselv,NO,medium_airport
Ørland Airport,OLA,ENOL,63.6989,9.604,Ørland,NO,medium_airport
"Ørsta-Volda Airport, Hovden",HOV,ENOV,62.18,6.0741,Ørsta,NO,medium_airport
"Mo i Rana Airport, Røssvoll",MQN,ENRA,66.3639,14.3014,Mo i Rana,NO,medium_airport
"Rørvik Airport, Ryum",RVK,ENRM,64.8383,11.1461,Rørvik,NO,medium_airport
Røros Airport,RRS,ENRO,62.5784,11.3423,Røros,NO,medium_airport
"Svalbard Airport, Longyear",LYR,ENSB,78.2461,15.4656,Longyearbyen,NO,medium_airport
"Svolvær Airport, Helle",SVJ,ENSH,68.2433,14.6692,Svolvær,NO,medium_airport
"Stokmarknes Airport, Skagen",SKN,ENSK,68.57883,15.03342,Hadsel,NO,medium_airport
"Stord Airport, Sørstokken",SRP,ENSO,59.7919,5.34085,Leirvik,NO,medium_airport
Sørkjosen Airport,SOJ,ENSR,69.7868,20.9594,Sørkjosen,NO,medium_airport
"Vardø Airport, Svartnes",VAW,ENSS,70.3554,31.0449,Vardø,NO,medium_airport
"Sandnessjøen Airport, Stokka",SSJ,ENST,65.9568,12.4689,Alstahaug,NO,medium_airport
Tromsø Airport,TOS,ENTC,69.6833,18.9189,Tromsø,NO,large_airport
"Sandefjord Airport, Torp",TRF,ENTO,59.1867,10.2586,Sandefjord(Torp),NO,large_airport
"Trondheim Airport, Værnes",TRD,ENVA,63.4578,10.924,Trondheim,NO,large_airport
Vadsø Airport,VDS,ENVD,70.0653,29.8447,Vadsø,NO,medium_airport
"Stavanger Airport, Sola",SVG,ENZV,58.8767,5.63778,Stavanger,NO,large_airport
Ignacy Jan Paderewski Bydgoszcz Airport,BZG,EPBY,53.0968,17.9777,Bydgoszcz,PL,medium_airport
Gdańsk Lech Wałęsa Airport,GDN,EPGD,54.3776,18.4662,Gdańsk,PL,large_airport
Kraków John Paul II International Airport,KRK,EPKK,50.0777,19.7848,Balice,PL,large_airport
Katowice Wojciech Korfanty International Airport,KTW,EPKT,50.47601,19.0807,Katowice,PL,large_airport
Lublin Airport,LUZ,EPLB,51.24016,22.71346,Lublin,PL,large_airport
Łódź Władysław Reymont Airport,LCJ,EPLL,51.7219,19.3981,Łódź,PL,large_airport
Warsaw Modlin Airport,WMI,EPMO,52.4511,20.6518,Nowy Dwór Mazowiecki,PL,large_airport
Poznań-Ławica Airport,POZ,EPPO,52.4216,16.82336,Poznań,PL,large_airport
Warsaw Radom Airport,RDO,EPRA,51.38937,21.21474,Radom,PL,medium_airport
Rzeszów-Jasionka Airport,RZE,EPRZ,50.10979,22.02416,Jasionka,PL,large_airport
Solidarity Szczecin–Goleniów Airport,SZZ,EPSC,53.5847,14.9022,Szczecin(Glewice),PL,large_airport
Olsztyn-Mazury Airport,SZY,EPSY,53.4819,20.9377,Szymany,PL,medium_airport
Warsaw Chopin Airport,WAW,EPWA,52.1657,20.9671,Warsaw,PL,large_airport
Copernicus Wrocław Airport,WRO,EPWR,51.10372,16.8821,Wrocław,PL,large_airport
Zielona Góra-Babimost Airport,IEG,EPZG,52.1385,15.7986,Nowe Kramsko,PL,medium_airport
Ronneby Airport,RNB,ESDF,56.2667,15.265,Ronneby,SE,medium_airport
Göteborg Landvetter Airport,GOT,ESGG,57.6628,12.2798,Göteborg,SE,large_airport
Jönköping Airport,JKG,ESGJ,57.7576,14.0687,Jönköping,SE,medium_airport
Trollhättan-Vänersborg Airport,THN,ESGT,58.3181,12.345,Trollhättan,SE,medium_airport
Mora Airport,MXX,ESKM,60.9579,14.5114,Mora,SE,medium_airport
Stockholm Skavsta Airport,NYO,ESKN,58.78966,16.91148,Nyköping,SE,large_airport
Scandinavian Mountains Airport,SCR,ESKS,61.16508,12.83352,Malung-Sälen,SE,large_airport
Kalmar Airport,KLR,ESMQ,56.6855,16.2876,Kalmar,SE,medium_airport
Malmö Sturup Airport,MMX,ESMS,55.53556,13.37633,Malmö,SE,large_airport
Halmstad Airport,HAD,ESMT,56.6911,12.8202,Halmstad,SE,medium_airport
Växjö Kronoberg Airport,VXO,ESMX,56.9291,14.728,Växjö,SE,medium_airport
Gällivare Airport,GEV,ESNG,67.1324,20.8146,Gällivare,SE,medium_airport
Kramfors-Sollefteå Höga Kusten Airport,KRF,ESNK,63.0486,17.7689,Nyland,SE,medium_airport
Lycksele Airport,LYC,ESNL,64.5483,18.7162,Lycksele,SE,medium_airport
Sundsvall-Härnösand Airport,SDL,ESNN,62.5281,17.4439,Sundsvall/ Härnösand,SE,medium_airport
Örnsköldsvik Airport,OER,ESNO,63.4083,18.99,Örnsköldsvik,SE,medium_airport
Kiruna Airport,KRN,ESNQ,67.822,20.3368,Kiruna,SE,large_airport
Skellefteå Airport,SFT,ESNS,64.6248,21.0769,Skellefteå,SE,medium_airport
Umeå Airport,UME,ESNU,63.7918,20.2828,Umeå,SE,large_airport
Vilhelmina South Lapland Airport,VHM,ESNV,64.5791,16.8336,Vilhelmina,SE,medium_airport
Arvidsjaur Airport,AJR,ESNX,65.5903,19.2819,Arvidsjaur,SE,medium_airport
Åre Östersund Airport,OSD,ESNZ,63.19355,14.50417,Östersund,SE,medium_airport
Örebro Airport,ORB,ESOE,59.2237,15.038,Örebro,SE,medium_airport
Karlstad Airport,KSD,ESOK,59.4447,13.3374,Karlstad,SE,medium_airport
Stockholm Västerås Airport,VST,ESOW,59.5894,16.6336,Stockholm / Västerås,SE,large_airport
Luleå Airport,LLA,ESPA,65.5438,22.122,Luleå,SE,large_airport
Stockholm-Arlanda Airport,ARN,ESSA,59.64849,17.92883,Stockholm,SE,large_airport
Stockholm-Bromma Airport,BMA,ESSB,59.3544,17.9417,Stockholm,SE,medium_airport
Dala Airport,BLE,ESSD,60.422,15.5152,Borlange,SE,medium_airport
Linköping City Airport,LPI,ESSL,58.40491,15.6845,Linköping,SE,large_airport
Norrköping Airport,NRK,ESSP,58.5863,16.2506,Norrköping,SE,medium_airport
Torsby Airport,TYF,ESST,60.1576,12.9913,Torsby,SE,medium_airport
Visby Airport,VBY,ESSV,57.6628,18.3462,Visby,SE,large_airport
Ängelholm-Helsingborg Airport,AGH,ESTA,56.2961,12.8471,Ängelholm,SE,medium_airport
Sea-Airport Cuxhaven/Nordholz / Nordholz Naval Airbase,FCN,ETMN,53.76769,8.6592,Wurster Nordseeküste,DE,medium_airport
Rostock-Laage Airport,RLG,ETNL,53.9182,12.2783,Laage,DE,medium_airport
Riga International Airport,RIX,EVRA,56.92075,23.97071,Riga,LV,large_airport
Kaunas International Airport,KUN,EYKA,54.96397,24.08582,Kaunas,LT,large_airport
Palanga International Airport,PLQ,EYPA,55.9732,21.0939,Palanga,LT,large_airport
Vilnius International Airport,VNO,EYVI,54.6341,25.2858,Vilnius,LT,large_airport
Bram Fischer International Airport,BFN,FABL,-29.0927,26.3024,Bloemfontein,ZA,large_airport
Cape Town International Airport,CPT,FACT,-33.97403,18.60433,Cape Town,ZA,large_airport
King Phalo Airport,ELS,FAEL,-33.0356,27.8259,East London,ZA,large_airport
George Airport,GRJ,FAGG,-34.0056,22.3789,George,ZA,large_airport
Eastgate Airport / Air Force Base Hoedspruit,HDS,FAHT,-24.36186,31.05292,Hoedspruit,ZA,medium_airport
Kimberley Airport,KIM,FAKM,-28.8054,24.76487,Kimberley,ZA,large_airport
Kruger Mpumalanga International Airport,MQP,FAKN,-25.38333,31.10533,Mbombela,ZA,large_airport
Lanseria International Airport,HLA,FALA,-25.93896,27.92664,Johannesburg,ZA,large_airport
King Shaka International Airport,DUR,FALE,-29.61444,31.11972,Durban,ZA,large_airport
Margate Airport,MGH,FAMG,-30.8574,30.343,Margate,ZA,medium_airport
Mmabatho International Airport,MBD,FAMM,-25.7984,25.548,Mafeking,ZA,medium_airport
Mkuze Airport,MZQ,FAMU,-27.6261,32.0443,Mkuze,ZA,medium_airport
O.R. Tambo International Airport,JNB,FAOR,-26.14008,28.2468,Johannesburg,ZA,large_airport
Chief Dawid Stuurman International Airport,PLZ,FAPE,-33.98971,25.61735,Gqeberha (Port Elizabeth),ZA,large_airport
Hendrik Van Eck Airport,PHW,FAPH,-23.9372,31.1554,Phalaborwa,ZA,medium_airport
Pietersburg Municipal Airport,,FAPI,-23.9261,29.4844,Polokwane,ZA,medium_airport
Pietermaritzburg Airport,PZB,FAPM,-29.649,30.3987,Pietermaritzburg,ZA,medium_airport
Polokwane International Airport,PTG,FAPP,-23.84527,29.45862,Polokwane,ZA,large_airport
Richards Bay Airport,RCB,FARB,-28.741,32.0921,Richards Bay,ZA,medium_airport
Sishen Airport,SIS,FASS,-27.6486,22.9993,Sishen,ZA,medium_airport
Skukuza Airport,SZK,FASZ,-24.96085,31.58859,Skukuza,ZA,medium_airport
Upington Airport,UTN,FAUP,-28.40025,21.26359,Upington,ZA,medium_airport
K. D. Matanzima Airport,UTT,FAUT,-31.54636,28.67336,Mthatha,ZA,medium_airport
Phillip Gaonwe Matante International Airport,FRW,FBFT,-21.15918,27.46883,Francistown,BW,large_airport
Kasane International Airport,BBK,FBKE,-17.83165,25.16619,Kasane,BW,large_airport
Maun International Airport,MUB,FBMN,-19.97049,23.43141,Maun,BW,large_airport
Sir Seretse Khama International Airport,GBE,FBSK,-24.5552,25.9182,Gaborone,BW,large_airport
Maya-Maya International Airport,BZV,FCBB,-4.2517,15.253,Brazzaville,CG,large_airport
Antonio Agostinho-Neto International Airport,PNR,FCPP,-4.81603,11.8866,Pointe Noire,CG,large_airport
King Mswati III International Airport,SHO,FDSK,-26.35861,31.71694,Mpaka,SZ,large_airport
Bangui M'Poko International Airport,BGF,FEFF,4.39848,18.5188,Bangui,CF,large_airport
Bata International Airport,BSG,FGBT,1.90547,9.80568,Bata,GQ,large_airport
President Obiang Nguema International Airport,GEM,FGMY,1.67644,11.0249,Mengomeyén,GQ,medium_airport
Malabo International Airport,SSG,FGSL,3.75527,8.70872,Malabo,GQ,large_airport
RAF Ascension Island,ASI,FHAW,-7.97018,-14.39274,Cat Hill,SH,medium_airport
Saint Helena International Airport,HLE,FHSH,-15.9589,-5.64607,Jamestown,SH,medium_airport
Sir Seewoosagur Ramgoolam International Airport,MRU,FIMP,-20.4302,57.6836,Plaine Magnien,MU,large_airport
Sir Charles Gaetan Duval Airport,RRG,FIMR,-19.7567,63.35933,Port Mathurin,MU,medium_airport
Douala International Airport,DLA,FKKD,4.00608,9.71948,Douala,CM,large_airport
Salak Airport,MVR,FKKL,10.4514,14.2574,Maroua,CM,medium_airport
N'Gaoundéré Airport,NGE,FKKN,7.35701,13.5592,N'Gaoundéré,CM,medium_airport
Garoua International Airport,GOU,FKKR,9.33479,13.37213,Garoua,CM,large_airport
Yaoundé Nsimalen International Airport,NSI,FKYS,3.72256,11.5533,Yaoundé,CM,large_airport
Harry Mwanga Nkumbula International Airport,LVI,FLLI,-17.82152,25.81964,Livingstone,ZM,large_airport
Kenneth Kaunda International Airport,LUN,FLLS,-15.33083,28.45272,Lusaka,ZM,large_airport
Mfuwe International Airport,MFU,FLMF,-13.2589,31.9366,Mfuwe,ZM,large_airport
Peter Zuze Air Force Base,,FLND,-12.99722,28.66389,Ndola,ZM,medium_airport
Simon Mwansa Kapwepwe International Airport,NLA,FLSK,-12.96513,28.51562,Ndola,ZM,large_airport
Prince Said Ibrahim International Airport,HAH,FMCH,-11.5337,43.2719,Moroni,KM,large_airport
Ouani Airport,AJN,FMCV,-12.13105,44.43004,Ouani,KM,medium_airport
Dzaoudzi Pamandzi International Airport,DZA,FMCZ,-12.80932,45.28182,Dzaoudzi,YT,large_airport
Roland Garros Airport,RUN,FMEE,-20.89009,55.51889,Sainte-Marie,RE,large_airport
Saint-Pierre Pierrefonds Airport,ZSE,FMEP,-21.31936,55.42251,Saint-Pierre,RE,large_airport
Ivato International Airport,TNR,FMMI,-18.7969,47.4788,Antananarivo,MG,large_airport
Sainte Marie Airport,SMS,FMMS,-17.0939,49.8158,Vohilava,MG,medium_airport
Toamasina Ambalamanasy Airport,TMM,FMMT,-18.11354,49.39226,Toamasina,MG,large_airport
Morondava Airport,MOQ,FMMV,-20.2847,44.3176,Morondava,MG,medium_airport
Arrachart Airport,DIE,FMNA,-12.3494,49.2917,Antisiranana,MG,medium_airport
Amborovy Airport,MJN,FMNM,-15.66684,46.35123,Mahajanga,MG,large_airport
Nosy Be International Airport,NOS,FMNN,-13.3121,48.3148,Nosy Be,MG,large_airport
Besalampy Airport,BPY,FMNQ,-16.74453,44.48248,Besalampy,MG,medium_airport
Maroantsetra Airport,WMN,FMNR,-15.43774,49.68908,Maroantsetra,MG,medium_airport
Sambava Airport,SVB,FMNS,-14.2786,50.1747,Sambava,MG,medium_airport
Tôlanaro Airport,FTU,FMSD,-25.0381,46.9561,Tôlanaro,MG,medium_airport
Mananjary Airport,MNJ,FMSM,-21.2018,48.3583,Mananjary,MG,medium_airport
Toliara Airport,TLE,FMST,-23.3834,43.7285,Toliara,MG,medium_airport
Mbanza Congo Airport,SSY,FNBC,-6.2699,14.247,Mbanza Congo,AO,medium_airport
Dr. Antonio Agostinho Neto International Airport,NBJ,FNBJ,-9.05073,13.49908,Luanda (Ícolo e Bengo),AO,large_airport
Cabinda Airport,CAB,FNCA,-5.59839,12.18815,Cabinda,AO,medium_airport
Catumbela Airport,CBT,FNCT,-12.4792,13.4869,Catumbela,AO,medium_airport
Dundo Airport,DUE,FNDU,-7.40089,20.8185,Chitato,AO,medium_airport
Ngjiva Pereira Airport,VPE,FNGI,-17.0435,15.6838,Ngiva,AO,medium_airport
Albano Machado Airport,NOV,FNHU,-12.8089,15.7605,Huambo,AO,medium_airport
Quatro de Fevereiro International Airport,LAD,FNLU,-8.85837,13.2312,Luanda,AO,large_airport
Malanje Airport,MEG,FNMA,-9.52509,16.3124,Malanje,AO,medium_airport
Menongue Airport,SPP,FNME,-14.6576,17.7198,Menongue,AO,medium_airport
Welwitschia Mirabilis International Airport,MSZ,FNMO,-15.2612,12.1468,Moçâmedes,AO,medium_airport
Negage Airport,GXG,FNNG,-7.75451,15.2877,Negage,AO,medium_airport
Soyo Airport,SZA,FNSO,-6.14109,12.3718,Soyo,AO,medium_airport
Lubango Mukanka International Airport,SDD,FNUB,-14.92484,13.57665,Lubango,AO,medium_airport
Oyem Airport,OYE,FOGO,1.54311,11.5814,Oyem,GA,medium_airport
Port Gentil International Airport,POG,FOOG,-0.71174,8.75438,Port Gentil,GA,large_airport
Makokou Airport,MKU,FOOK,0.57921,12.8909,Makokou,GA,medium_airport
Libreville Leon M'ba International Airport,LBV,FOOL,0.45895,9.41214,Libreville,GA,large_airport
M'Vengue El Hadj Omar Bongo Ondimba International Airport,MVB,FOON,-1.65616,13.438,Franceville,GA,medium_airport
Principe Airport,PCP,FPPR,1.66115,7.41108,São Tomé & Príncipe,ST,medium_airport
São Tomé International Airport,TMS,FPST,0.37817,6.71215,São Tomé,ST,large_airport
Beira International Airport,BEW,FQBR,-19.7964,34.9076,Beira,MZ,large_airport
Chimoio Airport,VPY,FQCH,-19.1513,33.429,Chimoio,MZ,medium_airport
Inhambane Airport,INH,FQIN,-23.8764,35.4085,Inhambane,MZ,medium_airport
Lichinga Airport,VXC,FQLC,-13.274,35.2663,Lichinga,MZ,medium_airport
Maputo Airport,MPM,FQMA,-25.9208,32.5726,Maputo,MZ,large_airport
Nacala International Airport,MNC,FQNC,-14.4882,40.7122,Nacala,MZ,medium_airport
Nampula Airport,APL,FQNP,-15.1056,39.2818,Nampula,MZ,large_airport
Pemba Airport,POL,FQPB,-12.9933,40.52487,Pemba,MZ,medium_airport
Quelimane Airport,UEL,FQQL,-17.8555,36.8691,Quelimane,MZ,medium_airport
Tete Airport,TET,FQTT,-16.1048,33.6402,Tete,MZ,large_airport
Vilankulo Airport,VNX,FQVL,-22.0184,35.3133,Vilanculo,MZ,medium_airport
Seychelles International Airport,SEZ,FSIA,-4.67434,55.5218,Victoria,SC,large_airport
Praslin Island Airport,PRI,FSPP,-4.31926,55.69156,Praslin Island,SC,medium_airport
Abeche Airport,AEH,FTTC,13.847,20.8443,Abeche,TD,medium_airport
N'Djamena International Airport,NDJ,FTTJ,12.1337,15.034,N'Djamena,TD,large_airport
Joshua Mqabuko Nkomo International Airport,BUQ,FVBU,-20.01628,28.6229,Bulawayo,ZW,large_airport
Victoria Falls International Airport,VFA,FVFA,-18.09744,25.83687,Victoria Falls,ZW,large_airport
Robert Gabriel Mugabe International Airport,HRE,FVHA,-17.9318,31.0928,Harare,ZW,large_airport
Kariba Airport,KAB,FVKB,-16.5198,28.885,Kariba,ZW,medium_airport
Chileka International Airport,BLZ,FWCL,-15.67719,34.97232,Blantyre,MW,large_airport
Kamuzu International Airport,LLW,FWKI,-13.7894,33.781,Lumbadzi,MW,large_airport
Moshoeshoe I International Airport,MSU,FXMM,-29.45628,27.55446,Maseru(Mazenod),LS,large_airport
Katima Mulilo Airport,MPA,FYKM,-17.63426,24.17669,Mpacha,NA,medium_airport
Luderitz Airport,LUD,FYLZ,-26.6874,15.2429,Luderitz,NA,medium_airport
Ondangwa Airport,OND,FYOA,-17.8782,15.9526,Ondangwa,NA,medium_airport
Oranjemund Airport,OMD,FYOG,-28.58532,16.44638,Oranjemund,NA,medium_airport
Rundu Airport,NDU,FYRU,-17.9565,19.7194,Rundu,NA,medium_airport
Twyfelfontein Airport,,FYTF,-20.54424,14.35879,Twyfelfontein,NA,medium_airport
Walvis Bay International Airport,WVB,FYWB,-22.97933,14.6471,Walvis Bay(Rooikop),NA,large_airport
Eros Airport,ERS,FYWE,-22.60492,17.079,Windhoek,NA,medium_airport
Hosea Kutako International Airport,WDH,FYWH,-22.4799,17.4709,Windhoek,NA,large_airport
Ndjili International Airport,FIH,FZAA,-4.38575,15.4446,Kinshasa,CD,large_airport
Bandundu Airport,FDU,FZBO,-3.31132,17.3817,Bandundu,CD,medium_airport
Kikwit Airport,KKW,FZCA,-5.03577,18.7856,Kikwit,CD,medium_airport
Mbandaka Airport,MDK,FZEA,0.0226,18.2887,Mbandaka,CD,medium_airport
Gbadolite Airport,BDT,FZFD,4.25274,20.97527,Gbadolite,CD,medium_airport
Gemena Airport,GMA,FZFK,3.23537,19.7713,Gemena,CD,medium_airport
Bangoka International Airport,FKI,FZIC,0.48164,25.338,Kisangani,CD,large_airport
Matari Airport,IRP,FZJH,2.82761,27.5883,Isiro,CD,medium_airport
Bunia Airport,BUX,FZKA,1.56574,30.22068,Bunia,CD,medium_airport
Goma International Airport,GOM,FZNA,-1.66676,29.23804,Goma,CD,large_airport
Kindu Airport,KND,FZOA,-2.91918,25.9154,Kindu,CD,medium_airport
Lubumbashi International Airport,FBM,FZQA,-11.59149,27.53075,Lubumbashi,CD,large_airport
Kolwezi Airport,KWZ,FZQM,-10.7659,25.5057,Kolwezi,CD,medium_airport
Kalemie Airport,FMI,FZRF,-5.87556,29.25,Kalemie,CD,medium_airport
Kananga Airport,KGA,FZUA,-5.90005,22.4692,Kananga,CD,medium_airport
Mbuji Mayi Airport,MJM,FZWA,-6.12124,23.569,Mbuji Mayi,CD,medium_airport
Modibo Keita International Airport,BKO,GABS,12.5335,-7.94994,Bamako,ML,large_airport
Gao International Airport,GAQ,GAGO,16.24847,-0.00539,Gao,ML,medium_airport
Kayes Dag Dag Airport,KYS,GAKY,14.48252,-11.39934,Kayes,ML,medium_airport
Mopti Airport,MZI,GAMB,14.5128,-4.07956,Sévaré,ML,medium_airport
Tombouktou Airport,TOM,GATB,16.7305,-3.00758,Timbuktu,ML,large_airport
Banjul International Airport,BJL,GBYD,13.338,-16.6522,Banjul (Yundum),GM,large_airport
Fuerteventura Airport,FUE,GCFV,28.4527,-13.8638,El Matorral,ES,large_airport
El Hierro Airport,VDE,GCHI,27.8148,-17.8871,El Hierro Island,ES,medium_airport
La Palma Airport,SPC,GCLA,28.6265,-17.7556,"Sta Cruz de la Palma, La Palma Island",ES,medium_airport
Gran Canaria Airport,LPA,GCLP,27.9319,-15.3866,Gran Canaria Island,ES,large_airport
César Manrique-Lanzarote Airport,ACE,GCRR,28.9455,-13.6052,San Bartolomé,ES,large_airport
Tenerife Sur Airport,TFS,GCTS,28.0445,-16.5725,Tenerife,ES,large_airport
Tenerife Norte-Ciudad de La Laguna Airport,TFN,GCXO,28.48275,-16.34171,Tenerife,ES,large_airport
Melilla Airport,MLN,GEML,35.2798,-2.95626,Melilla,ES,medium_airport
Lungi International Airport,FNA,GFLL,8.61644,-13.1955,Freetown (Lungi-Town),SL,large_airport
Osvaldo Vieira International Airport,OXB,GGOV,11.89426,-15.6536,Bissau,GW,large_airport
Qaqortoq Airport,JJU,GL-0012,60.76383,-46.065,Qaqortoq,GL,medium_airport
Spriggs Payne Airport,MLW,GLMR,6.28906,-10.7587,Monrovia,LR,medium_airport
Roberts International Airport,ROB,GLRB,6.23379,-10.3623,Monrovia,LR,large_airport
Al Massira Airport,AGA,GMAD,30.32248,-9.412,Agadir (Temsia),MA,large_airport
Tan Tan Airport,TTA,GMAT,28.44756,-11.16175,Tan Tan,MA,medium_airport
Zagora Airport,OZG,GMAZ,30.26579,-5.86081,Zagora,MA,large_airport
Fes Saïss International Airport,FEZ,GMFF,33.9273,-4.97796,Saïss,MA,large_airport
Moulay Ali Cherif Airport,ERH,GMFK,31.9475,-4.39833,Errachidia,MA,medium_airport
Oujda Angads Airport,OUD,GMFO,34.78956,-1.92604,Ahl Angad,MA,large_airport
Smara Airport,SMW,GMMA,26.73199,-11.68365,Smara,EH,medium_airport
Beni Mellal Airport,BEM,GMMD,32.4019,-6.3159,Oulad Yaich,MA,large_airport
Rabat-Salé Airport,RBA,GMME,34.0515,-6.75152,Rabat,MA,large_airport
Dakhla Airport,VIL,GMMH,23.7183,-15.932,Dakhla,EH,large_airport
Essaouira-Mogador Airport,ESU,GMMI,31.3975,-9.68167,Essaouira,MA,medium_airport
Laayoune Hassan I International Airport,EUN,GMML,27.14247,-13.22495,El Aaiún,EH,large_airport
Mohammed V International Airport,CMN,GMMN,33.3675,-7.58997,Casablanca,MA,large_airport
Nador Al Aaroui International Airport,NDR,GMMW,34.9888,-3.02821,Al Aaroui,MA,large_airport
Marrakesh Menara Airport,RAK,GMMX,31.60481,-8.03579,Marrakesh,MA,large_airport
Ouarzazate International Airport,OZZ,GMMZ,30.9391,-6.90943,Ouarzazate,MA,large_airport
Sania Ramel Airport,TTU,GMTN,35.5943,-5.32002,Tétouan,MA,large_airport
Tangier Ibn Battuta Airport,TNG,GMTT,35.73174,-5.92146,Tangier,MA,large_airport
Blaise Diagne International Airport,DSS,GOBD,14.67088,-17.07283,Dakar,SN,large_airport
Ziguinchor Airport,ZIG,GOGG,12.55559,-16.2833,Ziguinchor,SN,medium_airport
Cap Skirring Airport,CSK,GOGS,12.39533,-16.748,Cap Skirring,SN,medium_airport
Léopold Sédar Senghor International Airport,DKR,GOOY,14.74234,-17.47922,Dakar,SN,large_airport
Nouakchott–Oumtounsy International Airport,NKC,GQNO,18.31,-15.96972,Nouakchott,MR,large_airport
Nouadhibou International Airport,NDB,GQPP,20.9324,-17.0302,Nouadhibou,MR,large_airport
Tazadit Airport,OUZ,GQPZ,22.75735,-12.48223,Zouérate,MR,medium_airport
Ahmed Sékou Touré International Airport,CKY,GUCY,9.57689,-13.612,Conakry,GN,large_airport
Amílcar Cabral International Airport,SID,GVAC,16.7414,-22.9494,Espargos,CV,large_airport
Aristides Pereira International Airport,BVC,GVBA,16.1365,-22.8889,Rabil,CV,large_airport
Maio Airport,MMO,GVMA,15.1559,-23.2137,Vila do Maio,CV,medium_airport
Nelson Mandela International Airport,RAI,GVNP,14.94113,-23.48473,Praia,CV,large_airport
Preguiça Airport,SNE,GVSN,16.58885,-24.28413,Preguiça,CV,medium_airport
Cesaria Evora International Airport,VXE,GVSV,16.83336,-25.05531,São Pedro,CV,large_airport
Addis Ababa Bole International Airport,ADD,HAAB,8.97789,38.7993,Addis Ababa,ET,large_airport
Arba Minch Airport,AMH,HAAM,6.03939,37.5905,Arba Minch,ET,medium_airport
Axum Airport,AXU,HAAX,14.1468,38.7728,Axum,ET,medium_airport
Bahir Dar Airport,BJR,HABD,11.6081,37.3216,Bahir Dar,ET,medium_airport
Aba Tenna Dejazmach Yilma International Airport,DIR,HADR,9.62355,41.85503,Dire Dawa,ET,large_airport
Gambela Airport,GMB,HAGM,8.12876,34.5631,Gambela,ET,medium_airport
Gondar Airport,GDQ,HAGN,12.5199,37.434,Azezo,ET,medium_airport
Gode Airport,GDE,HAGO,5.93513,43.5786,Gode,ET,medium_airport
Gerad Wilwal International Airport,JIJ,HAJJ,9.33191,42.91181,Jijiga,ET,large_airport
Jinka Airport,BCO,HAJK,5.74965,36.56016,Jinka,ET,medium_airport
Jimma Airport,JIM,HAJM,7.66609,36.8166,Jimma,ET,medium_airport
Kebri Dahar Airport,ABK,HAKD,6.73258,44.24134,Kebri Dahar,ET,medium_airport
Hawassa International Airport,AWA,HALA,7.10061,38.39646,Hawassa,ET,large_airport
Mekele Alula Aba Nega Airport,MQX,HAMK,13.4674,39.5335,Mekele,ET,medium_airport
Asosa Airport,ASO,HASO,10.0185,34.5863,Asosa,ET,medium_airport
Bujumbura Melchior Ndadaye International Airport,BJM,HBBA,-3.32402,29.3185,Bujumbura,BI,large_airport
Gitega Airport,GID,HBBE,-3.41721,29.91131,Gitega,BI,medium_airport
Bender Qassim International Airport,BSA,HCMF,11.27524,49.13923,Bosaso,SO,large_airport
Egal International Airport,HGA,HCMH,9.51408,44.08347,Hargeisa,SO,large_airport
Berbera Airport,BBO,HCMI,10.38504,44.93672,Berbera,SO,medium_airport
Aden Adde International Airport,MGQ,HCMM,2.01444,45.3047,Mogadishu,SO,large_airport
Djibouti-Ambouli Airport,JIB,HDAM,11.5473,43.1595,Djibouti City,DJ,large_airport
El Alamein International Airport,DBB,HEAL,30.92432,28.46161,El Alamein,EG,large_airport
El Arish International Airport,AAC,HEAR,31.05532,33.82796,El Arish,EG,large_airport
Asyut International Airport,ATZ,HEAT,27.04596,31.01276,Asyut,EG,large_airport
Alexandria International Airport,HBE,HEBA,30.93249,29.69644,Alexandria,EG,large_airport
Abu Simbel Airport,ABS,HEBL,22.37592,31.61173,Abu Simbel,EG,medium_airport
Cairo International Airport,CAI,HECA,30.11153,31.39669,Cairo,EG,large_airport
Capital International Airport,CCE,HECP,30.06465,31.83997,New Cairo,EG,medium_airport
Hurghada International Airport,HRG,HEGN,27.17678,33.79669,Hurghada,EG,large_airport
Luxor International Airport,LXR,HELX,25.67102,32.70645,Luxor,EG,large_airport
Marsa Alam International Airport,RMF,HEMA,25.55555,34.59245,Marsa Alam,EG,large_airport
Mersa Matruh International Airport,MUH,HEMM,31.32431,27.22227,Marsa Matruh,EG,large_airport
Port Said International Airport,PSD,HEPS,31.27929,32.24058,Port Said,EG,large_airport
Suhaj International Airport,HMB,HESG,26.34251,31.74302,Suhaj,EG,large_airport
Sharm El Sheikh International Airport,SSH,HESH,27.97727,34.39472,Sharm El Sheikh,EG,large_airport
Aswan International Airport,ASW,HESN,23.96108,32.82038,Aswan,EG,large_airport
Sphinx International Airport,SPX,HESX,30.10818,30.89573,Al Jiza,EG,large_airport
Taba International Airport,TCP,HETB,29.5945,34.77575,Taba,EG,medium_airport
Asmara International Airport,ASM,HHAS,15.2919,38.9107,Asmara,ER,medium_airport
Juba International Airport,JUB,HJJJ,4.87201,31.6011,Juba,SS,large_airport
Amboseli Airport,ASV,HKAM,-2.64479,37.25292,Ol Tukai,KE,medium_airport
Eldoret International Airport,EDL,HKEL,0.40446,35.2389,Eldoret,KE,large_airport
Jomo Kenyatta International Airport,NBO,HKJK,-1.31889,36.92823,Nairobi,KE,large_airport
Kisumu International Airport,KIS,HKKI,-0.08614,34.7289,Kisumu,KE,large_airport
Manda Airport,LAU,HKLU,-2.25243,40.91289,Lamu,KE,medium_airport
Malindi International Airport,MYD,HKML,-3.22931,40.1017,Malindi,KE,medium_airport
Moi International Airport,MBA,HKMO,-4.03483,39.5942,Mombasa,KE,large_airport
Mara Serena Lodge Airstrip,MRE,HKMS,-1.40459,35.00835,Serena,KE,medium_airport
Nanyuki Civil Airport,NYK,HKNL,-0.06235,37.0413,Gathiuru,KE,medium_airport
Nairobi Wilson Airport,WIL,HKNW,-1.32172,36.8148,Nairobi,KE,medium_airport
Wajir Airport,WJR,HKWJ,1.73324,40.0916,Wajir,KE,medium_airport
Ghat Airport,GHT,HLGT,25.1456,10.1426,Ghat,LY,medium_airport
Kufra Airport,AKF,HLKF,24.1787,23.314,Kufra,LY,medium_airport
Benina International Airport,BEN,HLLB,32.0968,20.2695,Benina,LY,large_airport
Mitiga International Airport,MJI,HLLM,32.89177,13.28788,Tripoli,LY,large_airport
Al Abraq International Airport,LAQ,HLLQ,32.78904,21.95486,Al Albraq,LY,large_airport
Sabha Airport,SEB,HLLS,26.99245,14.46616,Sabha,LY,medium_airport
Ghadames Airport,LTD,HLTD,30.14548,9.70209,Ghadames,LY,medium_airport
Kigali International Airport,KGL,HRYR,-1.96863,30.1395,Kigali,RW,large_airport
Kamembe Airport,KME,HRZA,-2.46224,28.9079,Kamembe,RW,medium_airport
Dongola Airport,DOG,HSDN,19.15367,30.43007,Dongola,SD,medium_airport
El Fasher Airport,ELF,HSFS,13.6149,25.3246,El Fasher,SD,medium_airport
Kassala Airport,KSL,HSKA,15.3875,36.3288,Kassala,SD,medium_airport
Nyala Airport,UYL,HSNN,12.0535,24.9562,Nyala,SD,medium_airport
El-Obeid Airport,EBD,HSOB,13.1532,30.2327,El-Obeid,SD,medium_airport
Port Sudan New International Airport,PZU,HSPN,19.43456,37.23412,Port Sudan,SD,large_airport
Khartoum International Airport,KRT,HSSK,15.5895,32.5532,Khartoum,SD,large_airport
Malakal International Airport,MAK,HSSM,9.55874,31.65194,Malakal,SS,medium_airport
Wau Airport,WUU,HSWW,7.72583,27.975,Wau,SS,medium_airport
Arusha Airport,ARK,HTAR,-3.36779,36.6333,Arusha,TZ,medium_airport
Julius Nyerere International Airport,DAR,HTDA,-6.8735,39.20729,Dar es Salaam,TZ,large_airport
Dodoma Airport,DOD,HTDO,-6.17056,35.75604,Dodoma,TZ,medium_airport
Songwe Airport,MBI,HTGW,-8.91994,33.27398,Mbeya,TZ,medium_airport
Kilimanjaro International Airport,JRO,HTKJ,-3.42705,37.07353,Arusha,TZ,large_airport
Mtwara Airport,MYW,HTMT,-10.3362,40.182,Mtwara,TZ,medium_airport
Mwanza International Airport,MWZ,HTMW,-2.44656,32.93605,Mwanza,TZ,large_airport
Tanga Airport,TGT,HTTG,-5.09236,39.0712,Tanga,TZ,medium_airport
Abeid Amani Karume International Airport,ZNZ,HTZA,-6.22202,39.2249,Zanzibar,TZ,large_airport
Arua Airport,RUA,HUAR,3.04915,30.91171,Arua,UG,medium_airport
Entebbe International Airport,EBB,HUEN,0.04239,32.4435,Entebbe,UG,large_airport
Gulu Airport,ULU,HUGU,2.80556,32.2718,Gulu,UG,medium_airport
Soroti Airport,SRT,HUSO,1.72769,33.6228,Soroti,UG,medium_airport
Dhoho International Airport,DHX,ID-0277,-7.74953,111.94683,Kediri,ID,medium_airport
Old Nabire Airport,,ID-0339,-3.36859,135.4967,Nabire,ID,medium_airport
Tabing Airport,,ID-0340,-0.87499,100.352,Padang,ID,medium_airport
Bilorai Airport,UGU,ID-ZGP,-3.7395,137.03118,Bilogai,ID,medium_airport
Maharshi Valmiki International Airport,AYJ,IN-0025,26.74774,82.16366,Faizabad,IN,medium_airport
Sindhudurg Airport,SDW,IN-0107,16.00255,73.52985,Chipi,IN,medium_airport
Navi Mumbai International Airport,NMI,IN-0276,18.9846,73.06525,Navi Mumbai,IN,large_airport
Itanagar Donyi Polo Hollongi Airport,HGI,IN-0308,26.96683,93.63879,Hollongi,IN,medium_airport
Noida International Airport,DXN,IN-0392,28.17987,77.61184,Gautam Buddha Nagar,IN,large_airport
Maa Mahamaya Airport,AHA,IN-0393,22.98753,83.19612,Ambikapur,IN,medium_airport
Boulder City Municipal Airport,BLD,K61B,35.94716,-114.8588,Boulder City,US,medium_airport
Lehigh Valley International Airport,ABE,KABE,40.65177,-75.4428,Allentown/Bethlehem,US,medium_airport
Abilene Regional Airport,ABI,KABI,32.4113,-99.6819,Abilene,US,medium_airport
Albuquerque International Sunport,ABQ,KABQ,35.03998,-106.60892,Albuquerque,US,large_airport
Aberdeen Regional Airport,ABR,KABR,45.4491,-98.4218,Aberdeen,US,medium_airport
Southwest Georgia Regional Airport,ABY,KABY,31.53295,-84.19621,Albany,US,medium_airport
Nantucket Memorial Airport,ACK,KACK,41.2531,-70.0602,Nantucket,US,medium_airport
Waco Regional Airport,ACT,KACT,31.6113,-97.2305,Waco,US,medium_airport
California Redwood Coast-Humboldt County Airport,ACV,KACV,40.9781,-124.109,Arcata/Eureka,US,medium_airport
Atlantic City International Airport,ACY,KACY,39.4562,-74.57751,Atlantic City,US,medium_airport
Alexandria International Airport,AEX,KAEX,31.32583,-92.5467,Alexandria,US,medium_airport
Augusta Regional At Bush Field,AGS,KAGS,33.3699,-81.9645,Augusta,US,medium_airport
Alliance Municipal Airport,AIA,KAIA,42.05254,-102.80397,Alliance,US,medium_airport
Albany International Airport,ALB,KALB,42.7483,-73.8017,Albany,US,large_airport
Waterloo Regional Airport,ALO,KALO,42.5571,-92.4003,Waterloo,US,medium_airport
San Luis Valley Regional Airport/Bergman Field,ALS,KALS,37.4349,-105.867,Alamosa,US,medium_airport
Walla Walla Regional Airport,ALW,KALW,46.0949,-118.288,Walla Walla,US,medium_airport
Rick Husband Amarillo International Airport,AMA,KAMA,35.21786,-101.70644,Amarillo,US,medium_airport
Altoona Blair County Airport,AOO,KAOO,40.2964,-78.32,Altoona,US,medium_airport
Alpena County Regional Airport,APN,KAPN,45.0781,-83.5603,Alpena,US,medium_airport
Watertown International Airport,ART,KART,43.9919,-76.0217,Watertown,US,medium_airport
Aspen-Pitkin County Airport (Sardy Field),ASE,KASE,39.2232,-106.869,Aspen,US,medium_airport
Hartsfield Jackson Atlanta International Airport,ATL,KATL,33.6367,-84.4281,Atlanta,US,large_airport
Appleton International Airport,ATW,KATW,44.25852,-88.519,Appleton,US,medium_airport
Watertown Regional Airport,ATY,KATY,44.914,-97.1547,Watertown,US,medium_airport
Augusta State Airport,AUG,KAUG,44.3206,-69.7973,Augusta,US,medium_airport
Austin Bergstrom International Airport,AUS,KAUS,30.19753,-97.66201,Austin,US,large_airport
Asheville Regional Airport,AVL,KAVL,35.43549,-82.54185,Asheville,US,medium_airport
Wilkes-Barre/Scranton International Airport,AVP,KAVP,41.33706,-75.72423,Wilkes-Barre/Scranton,US,medium_airport
Arlington Municipal Airport,,KAWO,48.16145,-122.15844,Arlington,US,medium_airport
Kalamazoo/Battle Creek International Airport,AZO,KAZO,42.2321,-85.54964,Kalamazoo,US,medium_airport
Branson Airport,BKG,KBBG,36.53208,-93.20054,Branson,US,medium_airport
Bradley International Airport,BDL,KBDL,41.93856,-72.68802,Hartford,US,large_airport
Laurence G Hanscom Field,BED,KBED,42.47,-71.289,Bedford,US,medium_airport
Bradford Regional Airport,BFD,KBFD,41.8031,-78.6401,Bradford,US,medium_airport
Western Neb. Rgnl/William B. Heilig Airport,BFF,KBFF,41.874,-103.596,Scottsbluff,US,medium_airport
King County International Airport - Boeing Field,BFI,KBFI,47.52704,-122.29995,Seattle,US,medium_airport
Meadows Field,BFL,KBFL,35.4336,-119.057,Bakersfield,US,medium_airport
Greater Binghamton/Edwin A Link field,BGM,KBGM,42.2087,-75.9798,Binghamton,US,medium_airport
Bangor International Airport,BGR,KBGR,44.80636,-68.82667,Bangor,US,medium_airport
Hancock County-Bar Harbor Airport,BHB,KBHB,44.45,-68.3615,Bar Harbor,US,medium_airport
Birmingham-Shuttlesworth International Airport,BHM,KBHM,33.56288,-86.75071,Birmingham,US,large_airport
Eastern Sierra Regional Airport,BIH,KBIH,37.3731,-118.364,Bishop,US,medium_airport
Billings Logan International Airport,BIL,KBIL,45.80893,-108.54124,Billings,US,medium_airport
Bismarck Municipal Airport,BIS,KBIS,46.77273,-100.74687,Bismarck,US,medium_airport
Rocky Mountain Metropolitan Airport,BJC,KBJC,39.9088,-105.117,Denver,US,medium_airport
Raleigh County Memorial Airport,BKW,KBKW,37.7873,-81.1242,Beaver,US,medium_airport
Bellingham International Airport,BLI,KBLI,48.7928,-122.538,Bellingham,US,medium_airport
Scott AFB/Midamerica Airport,BLV,KBLV,38.5452,-89.8352,Belleville,US,medium_airport
Central Illinois Regional Airport at Bloomington-Normal,BMI,KBMI,40.4771,-88.9159,Bloomington/Normal,US,medium_airport
Nashville International Airport,BNA,KBNA,36.1245,-86.6782,Nashville,US,large_airport
Boise Air Terminal/Gowen Field,BOI,KBOI,43.5644,-116.223,Boise,US,large_airport
Boston Logan International Airport,BOS,KBOS,42.36197,-71.0079,Boston,US,large_airport
Jack Brooks Regional Airport,BPT,KBPT,29.9508,-94.0207,Beaumont/Port Arthur,US,medium_airport
Brunswick Golden Isles Airport,BQK,KBQK,31.2588,-81.4665,Brunswick,US,medium_airport
Brainerd Lakes Regional Airport,BRD,KBRD,46.40286,-94.12973,Brainerd,US,medium_airport
Southeast Iowa Regional Airport,BRL,KBRL,40.7832,-91.1255,Burlington,US,medium_airport
Brownsville South Padre Island International Airport,BRO,KBRO,25.90724,-97.42524,Brownsville,US,medium_airport
Bert Mooney Airport,BTM,KBTM,45.9548,-112.497,Butte,US,medium_airport
Baton Rouge Metropolitan Airport,BTR,KBTR,30.5332,-91.1496,Baton Rouge,US,medium_airport
Patrick Leahy Burlington International Airport,BTV,KBTV,44.4719,-73.1533,Burlington,US,medium_airport
Buffalo Niagara International Airport,BUF,KBUF,42.9405,-78.7322,Buffalo,US,large_airport
Hollywood Burbank/Bob Hope Airport,BUR,KBUR,34.20283,-118.35805,Burbank,US,large_airport
Baltimore/Washington International Thurgood Marshall Airport,BWI,KBWI,39.1754,-76.6683,Baltimore,US,large_airport
Bozeman Yellowstone International Airport,BZN,KBZN,45.77885,-111.15371,Bozeman,US,medium_airport
Columbia Metropolitan Airport,CAE,KCAE,33.93817,-81.12302,Columbia,US,medium_airport
Akron Canton Regional Airport,CAK,KCAK,40.9161,-81.4422,Akron,US,medium_airport
Buchanan Field,CCR,KCCR,37.9897,-122.057,Concord,US,medium_airport
Cedar City Regional Airport,CDC,KCDC,37.701,-113.099,Cedar City,US,medium_airport
Chadron Municipal Airport,CDR,KCDR,42.8376,-103.095,Chadron,US,medium_airport
Jack Mc Namara Field Airport,CEC,KCEC,41.77893,-124.2364,Crescent City,US,medium_airport
Cortez Municipal Airport,CEZ,KCEZ,37.303,-108.628,Cortez,US,medium_airport
Cape Girardeau Regional Airport,CGI,KCGI,37.2253,-89.5708,Cape Girardeau,US,medium_airport
Chattanooga Metropolitan Airport (Lovell Field),CHA,KCHA,35.0353,-85.2038,Chattanooga,US,medium_airport
Charlottesville Albemarle Airport,CHO,KCHO,38.1386,-78.4529,Charlottesville,US,medium_airport
Charleston International Airport,CHS,KCHS,32.89616,-80.03815,Charleston,US,large_airport
The Eastern Iowa Airport,CID,KCID,41.8847,-91.7108,Cedar Rapids,US,medium_airport
Chippewa County International Airport,CIU,KCIU,46.24204,-84.46208,Kincheloe,US,medium_airport
North Central West Virginia Airport,CKB,KCKB,39.2966,-80.2281,Bridgeport,US,medium_airport
Cleveland Hopkins International Airport,CLE,KCLE,41.4117,-81.8498,Cleveland,US,large_airport
Easterwood Field,CLL,KCLL,30.5886,-96.3638,College Station,US,medium_airport
Charlotte Douglas International Airport,CLT,KCLT,35.214,-80.9431,Charlotte,US,large_airport
John Glenn Columbus International Airport,CMH,KCMH,39.998,-82.8919,Columbus,US,large_airport
University of Illinois Willard Airport,CMI,KCMI,40.03982,-88.27625,Savoy,US,medium_airport
Houghton County Memorial Airport,CMX,KCMX,47.1684,-88.4891,Hancock,US,medium_airport
Cavern City Air Terminal,CNM,KCNM,32.3375,-104.263,Carlsbad,US,medium_airport
Canyonlands Regional Airport,CNY,KCNY,38.755,-109.755,Moab,US,medium_airport
Yellowstone Regional Airport,COD,KCOD,44.5202,-109.024,Cody,US,medium_airport
City of Colorado Springs Municipal Airport,COS,KCOS,38.8058,-104.701,Colorado Springs,US,large_airport
Columbia Regional Airport,COU,KCOU,38.8181,-92.2196,Columbia,US,medium_airport
Casper-Natrona County International Airport,CPR,KCPR,42.90738,-106.46161,Casper,US,medium_airport
Corpus Christi International Airport,CRP,KCRP,27.7704,-97.5012,Corpus Christi,US,medium_airport
McClellan-Palomar Airport,CLD,KCRQ,33.1283,-117.28,Carlsbad,US,medium_airport
Yeager Airport,CRW,KCRW,38.3731,-81.5932,Charleston,US,medium_airport
Columbus Airport,CSG,KCSG,32.51642,-84.9396,Columbus,US,medium_airport
Cincinnati Northern Kentucky International Airport,CVG,KCVG,39.0488,-84.6678,Cincinnati / Covington,US,large_airport
Clovis Municipal Airport,CVN,KCVN,34.42659,-103.07879,Clovis,US,medium_airport
Central Wisconsin Airport,CWA,KCWA,44.77745,-89.67024,Mosinee,US,medium_airport
Cheyenne Regional Jerry Olson Field,CYS,KCYS,41.1557,-104.812,Cheyenne,US,medium_airport
Daytona Beach International Airport,DAB,KDAB,29.18255,-81.05946,Daytona Beach,US,medium_airport
Dallas Love Field,DAL,KDAL,32.84478,-96.84765,Dallas,US,large_airport
James M. Cox Dayton International Airport,DAY,KDAY,39.9024,-84.2194,Dayton,US,medium_airport
Dubuque Regional Airport,DBQ,KDBQ,42.402,-90.7095,Dubuque,US,medium_airport
Ronald Reagan Washington National Airport,DCA,KDCA,38.8521,-77.0377,Washington,US,large_airport
Dodge City Regional Airport,DDC,KDDC,37.7634,-99.9656,Dodge City,US,medium_airport
Decatur Airport,DEC,KDEC,39.8346,-88.8657,Decatur,US,medium_airport
Denver International Airport,DEN,KDEN,39.86003,-104.67379,Denver,US,large_airport
Dallas Fort Worth International Airport,DFW,KDFW,32.8968,-97.038,Dallas-Fort Worth,US,large_airport
Dothan Regional Airport,DHN,KDHN,31.3213,-85.4496,Dothan,US,medium_airport
Dickinson Theodore Roosevelt Regional Airport,DIK,KDIK,46.79753,-102.80191,Dickinson,US,medium_airport
Duluth International Airport,DLH,KDLH,46.84187,-92.19875,Duluth,US,medium_airport
Dover Civil Air Terminal/Dover Air Force Base,DOV,KDOV,39.1295,-75.466,Dover,US,medium_airport
Durango La Plata County Airport,DRO,KDRO,37.1515,-107.754,Durango,US,medium_airport
Des Moines International Airport,DSM,KDSM,41.53403,-93.65672,Des Moines,US,large_airport
Destin Executive Airport,DSI,KDTS,30.4001,-86.4715,Destin,US,medium_airport
Detroit Metropolitan Wayne County Airport,DTW,KDTW,42.21377,-83.35379,Detroit,US,large_airport
DuBois Regional Airport,DUJ,KDUJ,41.1783,-78.8987,Dubois,US,medium_airport
Devils Lake Regional Airport,DVL,KDVL,48.11545,-98.9088,Devils Lake,US,medium_airport
Kearney Regional Airport,EAR,KEAR,40.727,-99.0068,Kearney,US,medium_airport
Pangborn Memorial Airport,EAT,KEAT,47.3989,-120.207,Wenatchee,US,medium_airport
Chippewa Valley Regional Airport,EAU,KEAU,44.8658,-91.4843,Eau Claire,US,medium_airport
Northwest Florida Beaches International Airport,ECP,KECP,30.35711,-85.79541,Panama City Beach,US,medium_airport
Austin Executive Airport,,KEDC,30.39805,-97.56691,Pflugerville,US,medium_airport
Eagle County Regional Airport,EGE,KEGE,39.6426,-106.918,Eagle,US,medium_airport
Elko Regional Airport,EKO,KEKO,40.8249,-115.792,Elko,US,medium_airport
South Arkansas Regional Airport at Goodwin Field,ELD,KELD,33.221,-92.8133,El Dorado,US,medium_airport
Elmira Corning Regional Airport,ELM,KELM,42.1599,-76.8916,Elmira/Corning,US,medium_airport
El Paso International Airport,ELP,KELP,31.80991,-106.37561,El Paso,US,large_airport
Erie International Tom Ridge Field,ERI,KERI,42.08313,-80.17387,Erie,US,medium_airport
Delta County Airport,ESC,KESC,45.7232,-87.08862,Escanaba,US,medium_airport
Eugene Airport,EUG,KEUG,44.1246,-123.212,Eugene,US,medium_airport
Evansville Regional Airport,EVV,KEVV,38.037,-87.5324,Evansville,US,medium_airport
New Bedford Regional Airport,EWB,KEWB,41.6761,-70.9569,New Bedford,US,medium_airport
Coastal Carolina Regional Airport,EWN,KEWN,35.073,-77.0429,New Bern,US,medium_airport
Newark Liberty International Airport,EWR,KEWR,40.6894,-74.17055,Newark,US,large_airport
Key West International Airport,EYW,KEYW,24.55612,-81.75958,Key West,US,medium_airport
Hector International Airport,FAR,KFAR,46.9207,-96.8158,Fargo,US,medium_airport
Fresno Yosemite International Airport,FAT,KFAT,36.77577,-119.71802,Fresno,US,large_airport
Fayetteville Regional Airport - Grannis Field,FAY,KFAY,34.9912,-78.8803,Fayetteville,US,medium_airport
Friday Harbor Airport,FRD,KFHR,48.52365,-123.02465,Friday Harbor,US,medium_airport
Flagstaff Pulliam Airport,FLG,KFLG,35.13976,-111.66983,Flagstaff,US,medium_airport
Fort Lauderdale Hollywood International Airport,FLL,KFLL,26.0726,-80.1527,Fort Lauderdale,US,large_airport
Florence Regional Airport,FLO,KFLO,34.1854,-79.7239,Florence,US,medium_airport
Bishop International Airport,FNT,KFNT,42.96929,-83.74335,Flint,US,medium_airport
Fort Dodge Regional Airport,FOD,KFOD,42.55262,-94.19124,Fort Dodge,US,medium_airport
Sioux Falls Regional Airport,FSD,KFSD,43.58546,-96.74115,Sioux Falls,US,medium_airport
Fort Smith Regional Airport,FSM,KFSM,35.3366,-94.3674,Fort Smith,US,medium_airport
Fort Worth Meacham International Airport,FTW,KFTW,32.81992,-97.36082,Fort Worth,US,medium_airport
Fort Wayne International Airport,FWA,KFWA,40.9789,-85.19446,Fort Wayne,US,medium_airport
Jalal-Abad Airport,,KG-0001,40.9444,72.9778,Jalal-Abad,KG,medium_airport
Northeast Wyoming Regional Airport,GCC,KGCC,44.3489,-105.539,Gillette,US,medium_airport
Garden City Regional Airport,GCK,KGCK,37.9275,-100.724,Garden City,US,medium_airport
Grand Canyon National Park Airport,GCN,KGCN,35.9524,-112.147,Grand Canyon - Tusayan,US,medium_airport
Dawson Community Airport,GDV,KGDV,47.13766,-104.80691,Glendive,US,medium_airport
Spokane International Airport,GEG,KGEG,47.6199,-117.534,Spokane,US,large_airport
Grand Forks International Airport,GFK,KGFK,47.9493,-97.1761,Grand Forks,US,medium_airport
East Texas Regional Airport,GGG,KGGG,32.384,-94.7115,Longview,US,medium_airport
Glasgow Valley County Airport Wokal Field,GGW,KGGW,48.2125,-106.615,Glasgow,US,medium_airport
Grand Junction Regional Airport,GJT,KGJT,39.12666,-108.52939,Grand Junction,US,medium_airport
Mid Delta Regional Airport,GLH,KGLH,33.4829,-90.9856,Greenville,US,medium_airport
Gainesville Regional Airport,GNV,KGNV,29.6901,-82.2718,Gainesville,US,medium_airport
Glacier Park International Airport,FCA,KGPI,48.3105,-114.256,Kalispell,US,medium_airport
Gulfport Biloxi International Airport,GPT,KGPT,30.40558,-89.06984,Gulfport,US,medium_airport
Austin Straubel International Airport,GRB,KGRB,44.48346,-88.1308,Green Bay,US,medium_airport
Central Nebraska Regional Airport,GRI,KGRI,40.9675,-98.3096,Grand Island,US,medium_airport
Killeen Regional Airport / Robert Gray Army Airfield,GRK,KGRK,31.0672,-97.8289,Fort Cavazos,US,medium_airport
Gerald R. Ford International Airport,GRR,KGRR,42.8808,-85.5228,Grand Rapids,US,large_airport
Piedmont Triad International Airport,GSO,KGSO,36.09937,-79.93726,Greensboro,US,large_airport
Greenville-Spartanburg International Airport,GSP,KGSP,34.8957,-82.2189,Greenville/Greer/Spartanburg,US,medium_airport
Great Falls International Airport,GTF,KGTF,47.482,-111.371,Great Falls,US,medium_airport
Golden Triangle Regional Airport,GTR,KGTR,33.4503,-88.5914,Columbus/W Point/Starkville,US,medium_airport
Gunnison Crested Butte Regional Airport,GUC,KGUC,38.53467,-106.93457,Gunnison,US,medium_airport
Gallup Municipal Airport,GUP,KGUP,35.51165,-108.78817,Gallup,US,medium_airport
Gary/Chicago International Airport,GYY,KGYY,41.61709,-87.41321,Gary,US,medium_airport
Dara Sakor International Airport,DSY,KH-0001,10.91424,103.22665,Ta Noun,KH,large_airport
Techo International Airport,KTI,KH-0002,11.35999,104.92127,Phnom Penh (Boeng Khyang),KH,large_airport
Yampa Valley Airport,HDN,KHDN,40.4812,-107.218,Hayden,US,medium_airport
Hagerstown Regional Richard A Henson Field,HGR,KHGR,39.70877,-77.72801,Hagerstown,US,medium_airport
Jack Northrop Field Hawthorne Municipal Airport,HHR,KHHR,33.9228,-118.335,Hawthorne,US,medium_airport
Range Regional Airport,HIB,KHIB,47.38483,-92.83691,Hibbing,US,medium_airport
Lake Havasu City Airport,HII,KHII,34.57051,-114.35774,Lake Havasu City,US,medium_airport
Helena Regional Airport,HLN,KHLN,46.6068,-111.983,Helena,US,medium_airport
Lea County Regional Airport,HOB,KHOB,32.6875,-103.217,Hobbs,US,medium_airport
Memorial Field Airport,HOT,KHOT,34.4788,-93.09626,Hot Springs,US,medium_airport
William P. Hobby Airport,HOU,KHOU,29.64534,-95.27681,Houston,US,large_airport
Westchester County Airport,HPN,KHPN,41.067,-73.7076,White Plains,US,medium_airport
Valley International Airport,HRL,KHRL,26.2285,-97.6544,Harlingen,US,medium_airport
Boone County Airport,HRO,KHRO,36.2615,-93.1547,Harrison,US,medium_airport
Huntsville International Airport,HSV,KHSV,34.63624,-86.77438,Huntsville,US,medium_airport
Tri-State Airport / Milton J. Ferguson Field,HTS,KHTS,38.3667,-82.558,Huntington,US,medium_airport
Tweed New Haven Airport,HVN,KHVN,41.26287,-72.88769,New Haven,US,medium_airport
Havre City County Airport,HVR,KHVR,48.54139,-109.76286,Havre,US,medium_airport
Hilton Head Airport,HHH,KHXD,32.2244,-80.6975,Hilton Head Island,US,medium_airport
Cape Cod Gateway Airport,HYA,KHYA,41.6693,-70.2804,Hyannis,US,medium_airport
Hays Regional Airport,HYS,KHYS,38.84452,-99.27315,Hays,US,medium_airport
Washington Dulles International Airport,IAD,KIAD,38.9445,-77.4558,Dulles,US,large_airport
Niagara Falls International Airport,IAG,KIAG,43.1073,-78.9462,Niagara Falls,US,medium_airport
George Bush Intercontinental Airport,IAH,KIAH,29.9844,-95.3414,Houston,US,large_airport
Wichita Dwight D. Eisenhower National Airport,ICT,KICT,37.65031,-97.42858,Wichita,US,medium_airport
Idaho Falls Regional Airport,IDA,KIDA,43.5146,-112.071,Idaho Falls,US,medium_airport
Wilmington Airport,ILG,KILG,39.6787,-75.6065,Wilmington,US,medium_airport
Wilmington International Airport,ILM,KILM,34.27235,-77.90512,Wilmington,US,medium_airport
Ford Airport,IMT,KIMT,45.81911,-88.11456,Kingsford,US,medium_airport
Indianapolis International Airport,IND,KIND,39.7173,-86.2944,Indianapolis,US,large_airport
Falls International Airport,INL,KINL,48.5662,-93.4031,International Falls,US,medium_airport
Imperial County Airport,IPL,KIPL,32.83539,-115.57403,Imperial,US,medium_airport
Williamsport Regional Airport,IPT,KIPT,41.24213,-76.92245,Williamsport,US,medium_airport
Kirksville Regional Airport,IRK,KIRK,40.0935,-92.5449,Kirksville,US,medium_airport
Long Island MacArthur Airport,ISP,KISP,40.79632,-73.1017,Islip,US,medium_airport
Ithaca Tompkins Regional Airport,ITH,KITH,42.491,-76.4584,Ithaca,US,medium_airport
Mesa Gateway Airport,AZA,KIWA,33.3078,-111.655,Mesa,US,medium_airport
Jackson Hole Airport,JAC,KJAC,43.6073,-110.738,Jackson,US,medium_airport
Jackson-Medgar Wiley Evers International Airport,JAN,KJAN,32.3112,-90.0759,Jackson,US,medium_airport
Jacksonville International Airport,JAX,KJAX,30.49247,-81.68781,Jacksonville,US,large_airport
Jonesboro Municipal Airport,JBR,KJBR,35.8317,-90.6464,Jonesboro,US,medium_airport
John F. Kennedy International Airport,JFK,KJFK,40.63945,-73.77932,New York,US,large_airport
Joplin Regional Airport,JLN,KJLN,37.1518,-94.4983,Joplin,US,medium_airport
Jamestown Regional Airport,JMS,KJMS,46.9297,-98.6782,Jamestown,US,medium_airport
Concord-Padgett Regional Airport,USA,KJQF,35.3878,-80.7091,Concord,US,medium_airport
John Murtha Johnstown Cambria County Airport,JST,KJST,40.3161,-78.8339,Johnstown,US,medium_airport
Purdue University Airport,LAF,KLAF,40.41287,-86.93936,West Lafayette,US,medium_airport
Lakeland Linder International Airport,LAL,KLAL,27.98927,-82.02071,Lakeland,US,medium_airport
Capital Region International Airport,LAN,KLAN,42.77758,-84.58572,Lansing,US,medium_airport
Laramie Regional Airport,LAR,KLAR,41.3121,-105.675,Laramie,US,medium_airport
Harry Reid International Airport,LAS,KLAS,36.08336,-115.15182,Las Vegas,US,large_airport
Lawton Fort Sill Regional Airport,LAW,KLAW,34.5677,-98.4166,Lawton,US,medium_airport
Los Angeles International Airport,LAX,KLAX,33.9425,-118.408,Los Angeles,US,large_airport
Lubbock Preston Smith International Airport,LBB,KLBB,33.6636,-101.823,Lubbock,US,medium_airport
Arnold Palmer Regional Airport,LBE,KLBE,40.2759,-79.4048,Latrobe,US,medium_airport
North Platte Regional Airport Lee Bird Field,LBF,KLBF,41.1262,-100.684,North Platte,US,medium_airport
Liberal Mid-America Regional Airport,LBL,KLBL,37.0442,-100.96,Liberal,US,medium_airport
Lake Charles Regional Airport,LCH,KLCH,30.1261,-93.2233,Lake Charles,US,medium_airport
Rickenbacker International Airport,LCK,KLCK,39.8138,-82.9278,Columbus,US,medium_airport
Lebanon Municipal Airport,LEB,KLEB,43.6261,-72.3042,Lebanon,US,medium_airport
Blue Grass Airport,LEX,KLEX,38.03507,-84.60674,Lexington,US,medium_airport
Lafayette Regional Airport,LFT,KLFT,30.2053,-91.9876,Lafayette,US,medium_airport
LaGuardia Airport,LGA,KLGA,40.7772,-73.8726,New York,US,large_airport
Long Beach International Airport,LGB,KLGB,33.81652,-118.14989,Long Beach,US,large_airport
Bill & Hillary Clinton National Airport/Adams Field,LIT,KLIT,34.72922,-92.22359,Little Rock,US,medium_airport
Lincoln Airport,LNK,KLNK,40.84488,-96.76178,Lincoln,US,medium_airport
Lancaster Airport,LNS,KLNS,40.1217,-76.2961,Lancaster,US,medium_airport
Laredo International Airport,LRD,KLRD,27.5438,-99.4616,Laredo,US,medium_airport
Las Cruces International Airport,LRU,KLRU,32.2894,-106.922,Las Cruces,US,medium_airport
La Crosse Regional Airport,LSE,KLSE,43.879,-91.2567,La Crosse,US,medium_airport
Cincinnati Municipal Airport Lunken Field,LUK,KLUK,39.10236,-84.41894,Cincinnati,US,medium_airport
Greenbrier Valley Airport,LWB,KLWB,37.85791,-80.40044,Lewisburg,US,medium_airport
Lewiston Nez Perce County Airport,LWS,KLWS,46.3745,-117.015,Lewiston,US,medium_airport
Lynchburg Regional Airport - Preston Glenn Field,LYH,KLYH,37.3267,-79.2004,Lynchburg,US,medium_airport
Midland International Air and Space Port,MAF,KMAF,31.9425,-102.202,Midland,US,medium_airport
MBS International Airport,MBS,KMBS,43.53318,-84.0831,Freeland,US,medium_airport
Merced Regional Macready Field,MCE,KMCE,37.2847,-120.514,Merced,US,medium_airport
Kansas City International Airport,MCI,KMCI,39.3017,-94.71389,Kansas City,US,large_airport
McCook Ben Nelson Regional Airport,MCK,KMCK,40.20779,-100.59279,McCook,US,medium_airport
Middle Georgia Regional Airport,MCN,KMCN,32.6928,-83.6492,Macon,US,medium_airport
Orlando International Airport,MCO,KMCO,28.4294,-81.309,Orlando,US,large_airport
Mason City Municipal Airport,MCW,KMCW,43.1598,-93.32972,Mason City,US,medium_airport
Harrisburg International Airport,MDT,KMDT,40.19284,-76.76233,Harrisburg,US,medium_airport
Chicago Midway International Airport,MDW,KMDW,41.786,-87.7524,Chicago,US,large_airport
Key Field / Meridian Regional Airport,MEI,KMEI,32.3326,-88.7519,Meridian,US,medium_airport
Memphis International Airport,MEM,KMEM,35.04384,-89.97634,Memphis,US,large_airport
McAllen Miller International Airport,MFE,KMFE,26.17614,-98.23797,McAllen,US,medium_airport
Rogue Valley International-Medford Airport,MFR,KMFR,42.3742,-122.873,Medford,US,medium_airport
Michigan City Municipal Airport,MGC,KMGC,41.7033,-86.8212,Michigan City,US,medium_airport
Montgomery Regional (Dannelly Field) Airport,MGM,KMGM,32.3006,-86.394,Montgomery,US,medium_airport
Morgantown Municipal Airport Walter L. (Bill) Hart Field,MGW,KMGW,39.6433,-79.9176,Morgantown,US,medium_airport
Manhattan Regional Airport,MHK,KMHK,39.141,-96.6708,Manhattan,US,medium_airport
Manchester-Boston Regional Airport,MHT,KMHT,42.9326,-71.4357,Manchester,US,medium_airport
Miami International Airport,MIA,KMIA,25.79601,-80.28975,Miami,US,large_airport
General Mitchell International Airport,MKE,KMKE,42.9472,-87.8966,Milwaukee,US,large_airport
Muskegon County Airport,MKG,KMKG,43.1695,-86.2382,Muskegon,US,medium_airport
McKellar-Sipes Regional Airport,MKL,KMKL,35.5999,-88.9156,Jackson,US,medium_airport
Melbourne Orlando International Airport,MLB,KMLB,28.10201,-80.64109,Melbourne,US,medium_airport
Quad City International Airport,MLI,KMLI,41.4485,-90.5075,Moline,US,medium_airport
Monroe Regional Airport,MLU,KMLU,32.5109,-92.0377,Monroe,US,medium_airport
Mammoth Yosemite Airport,MMH,KMMH,37.62538,-118.84306,Mammoth Lakes,US,medium_airport
Mobile Regional Airport,MOB,KMOB,30.6912,-88.2428,Mobile,US,medium_airport
Minot International Airport,MOT,KMOT,48.25801,-101.27912,Minot,US,medium_airport
Monterey Regional Airport,MRY,KMRY,36.58678,-121.84418,Monterey,US,medium_airport
Northwest Alabama Regional Airport,MSL,KMSL,34.74512,-87.61298,Muscle Shoals,US,medium_airport
Dane County Regional Truax Field,MSN,KMSN,43.1399,-89.3375,Madison,US,medium_airport
Missoula Montana Airport,MSO,KMSO,46.91582,-114.09111,Missoula,US,medium_airport
Minneapolis–Saint Paul International Airport / Wold–Chamberlain Field,MSP,KMSP,44.88008,-93.22174,Minneapolis,US,large_airport
Massena International Airport Richards Field,MSS,KMSS,44.93616,-74.8443,Massena,US,medium_airport
Louis Armstrong New Orleans International Airport,MSY,KMSY,29.9934,-90.26467,New Orleans,US,large_airport
Montrose Regional Airport,MTJ,KMTJ,38.5098,-107.894,Montrose,US,medium_airport
Veterans Airport of Southern Illinois,MWA,KMWA,37.75121,-89.01657,Marion,US,medium_airport
Mineral Wells Regional Airport,MWL,KMWL,32.7816,-98.0602,Mineral Wells,US,medium_airport
McCall Municipal Airport,MYL,KMYL,44.88884,-116.10111,McCall,US,medium_airport
Myrtle Beach International Airport,MYR,KMYR,33.6797,-78.9283,Myrtle Beach,US,large_airport
Yuma International Airport / Marine Corps Air Station Yuma,YUM,KNYL,32.65094,-114.60938,Yuma,US,medium_airport
Albert J Ellis Airport,OAJ,KOAJ,34.8292,-77.6121,Richlands,US,medium_airport
Oakland San Francisco Bay Airport,OAK,KOAK,37.72008,-122.22118,Oakland,US,large_airport
Ogden Hinckley Airport,OGD,KOGD,41.1959,-112.012,Ogden,US,medium_airport
Ogdensburg International Airport,OGS,KOGS,44.6819,-75.4655,Ogdensburg,US,medium_airport
OKC Will Rogers World Airport,OKC,KOKC,35.39339,-97.59825,Oklahoma City,US,large_airport
L M Clayton Airport,OLF,KOLF,48.0945,-105.575,Wolf Point,US,medium_airport
Olympia Regional Airport,OLM,KOLM,46.9694,-122.903,Olympia,US,medium_airport
Eppley Airfield,OMA,KOMA,41.3032,-95.8941,Omaha,US,large_airport
Ontario International Airport,ONT,KONT,34.056,-117.601,Ontario,US,large_airport
Miami-Opa Locka Executive Airport,OPF,KOPF,25.907,-80.2784,Miami,US,medium_airport
Chicago O'Hare International Airport,ORD,KORD,41.9786,-87.9048,Chicago,US,large_airport
Norfolk International Airport,ORF,KORF,36.89534,-76.201,Norfolk,US,large_airport
Worcester Regional Airport,ORH,KORH,42.2673,-71.8757,Worcester,US,medium_airport
Orcas Island Airport,ESD,KORS,48.7082,-122.91,Eastsound,US,medium_airport
Southwest Oregon Regional Airport,OTH,KOTH,43.4171,-124.246,North Bend,US,medium_airport
Owensboro Daviess County Airport,OWB,KOWB,37.7401,-87.1668,Owensboro,US,medium_airport
Ocean City Municipal Airport,OCE,KOXB,38.3104,-75.124,Ocean City,US,medium_airport
Seattle Paine Field International Airport,PAE,KPAE,47.9063,-122.282,Everett,US,medium_airport
Barkley Regional Airport,PAH,KPAH,37.0608,-88.7738,Paducah,US,medium_airport
Plattsburgh International Airport,PBG,KPBG,44.6509,-73.4681,Plattsburgh,US,medium_airport
President Donald J. Trump International Airport,PBI,KPBI,26.6832,-80.0956,West Palm Beach,US,large_airport
Erie-Ottawa International Airport,,KPCW,41.51565,-82.86833,Port Clinton,US,medium_airport
DeKalb Peachtree Airport,PDK,KPDK,33.87633,-84.30213,Atlanta,US,medium_airport
Eastern Oregon Regional Airport at Pendleton,PDT,KPDT,45.6951,-118.841,Pendleton,US,medium_airport
Portland International Airport,PDX,KPDX,45.5887,-122.598,Portland,US,large_airport
Page Municipal Airport,PGA,KPGA,36.92423,-111.44772,Page,US,medium_airport
Punta Gorda Airport,PGD,KPGD,26.9202,-81.9905,Punta Gorda,US,medium_airport
Pitt-Greenville Airport,PGV,KPGV,35.63553,-77.38426,Greenville,US,medium_airport
Newport News Williamsburg International Airport,PHF,KPHF,37.1319,-76.493,Newport News,US,medium_airport
Philadelphia International Airport,PHL,KPHL,39.8719,-75.2411,Philadelphia,US,large_airport
Phoenix Sky Harbor International Airport,PHX,KPHX,33.4353,-112.0059,Phoenix,US,large_airport
General Wayne A. Downing Peoria International Airport,PIA,KPIA,40.66384,-89.69263,Peoria,US,medium_airport
Hattiesburg Laurel Regional Airport,PIB,KPIB,31.4671,-89.3371,Moselle,US,medium_airport
St. Petersburg Clearwater International Airport,PIE,KPIE,27.9102,-82.6874,Pinellas Park,US,large_airport
Pocatello Regional Airport,PIH,KPIH,42.9098,-112.596,Pocatello,US,medium_airport
Pierre Regional Airport,PIR,KPIR,44.3827,-100.286,Pierre,US,medium_airport
Pittsburgh International Airport,PIT,KPIT,40.4915,-80.2329,Pittsburgh,US,large_airport
Mid Ohio Valley Regional Airport,PKB,KPKB,39.3451,-81.4392,Parkersburg (Williamstown),US,medium_airport
Pellston Regional Airport of Emmet County Airport,PLN,KPLN,45.5709,-84.7967,Pellston,US,medium_airport
Pensacola International Airport,PNS,KPNS,30.47272,-87.18664,Pensacola,US,large_airport
Presque Isle International Airport,PQI,KPQI,46.689,-68.0448,Presque Isle,US,medium_airport
Prescott Regional Airport - Ernest A. Love Field,PRC,KPRC,34.6535,-112.41988,Prescott,US,medium_airport
Tri Cities Airport,PSC,KPSC,46.2647,-119.119,Pasco,US,medium_airport
Portsmouth International Airport at Pease,PSM,KPSM,43.0779,-70.8233,Portsmouth,US,medium_airport
Palm Springs International Airport,PSP,KPSP,33.8297,-116.507,Palm Springs,US,large_airport
Pueblo Memorial Airport,PUB,KPUB,38.2891,-104.497,Pueblo,US,medium_airport
Pullman-Moscow Regional Airport,PUW,KPUW,46.7416,-117.11163,Pullman,US,medium_airport
Rhode Island T. F. Green International Airport,PVD,KPVD,41.72504,-71.42567,Providence/Warwick,US,large_airport
Provo Municipal Airport,PVU,KPVU,40.21889,-111.72244,Provo,US,medium_airport
Portland International Jetport,PWM,KPWM,43.6462,-70.3093,Portland,US,large_airport
Rapid City Regional Airport,RAP,KRAP,44.0453,-103.057,Rapid City,US,medium_airport
Redding Municipal Airport,RDD,KRDD,40.509,-122.293,Redding,US,medium_airport
Roberts Field,RDM,KRDM,44.2541,-121.15,Redmond,US,medium_airport
Raleigh-Durham International Airport,RDU,KRDU,35.87866,-78.7873,Raleigh/Durham,US,large_airport
Chicago Rockford International Airport,RFD,KRFD,42.1954,-89.0972,Chicago/Rockford,US,medium_airport
Rhinelander Oneida County Airport,RHI,KRHI,45.6312,-89.4675,Rhinelander,US,medium_airport
Richmond International Airport,RIC,KRIC,37.5052,-77.3197,Richmond,US,large_airport
Central Wyoming Regional Airport,RIW,KRIW,43.0642,-108.46,Riverton,US,medium_airport
Knox County Regional Airport,RKD,KRKD,44.0601,-69.0992,Rockland,US,medium_airport
Southwest Wyoming Regional Airport,RKS,KRKS,41.5942,-109.065,Rock Springs,US,medium_airport
Reno Tahoe International Airport,RNO,KRNO,39.4991,-119.768,Reno,US,large_airport
Roanoke–Blacksburg Regional Airport,ROA,KROA,37.3255,-79.9754,Roanoke,US,medium_airport
Frederick Douglass Greater Rochester International Airport,ROC,KROC,43.1189,-77.6724,Rochester,US,large_airport
Roswell Air Center Airport,ROW,KROW,33.3016,-104.531,Roswell,US,medium_airport
Rochester International Airport,RST,KRST,43.9083,-92.5,Rochester,US,medium_airport
Southwest Florida International Airport,RSW,KRSW,26.53468,-81.75282,Fort Myers,US,large_airport
Rutland - Southern Vermont Regional Airport,RUT,KRUT,43.5294,-72.9496,Rutland,US,medium_airport
Santa Fe Municipal Airport,SAF,KSAF,35.6171,-106.089,Santa Fe,US,medium_airport
San Diego International Airport,SAN,KSAN,32.7336,-117.19,San Diego,US,large_airport
San Antonio International Airport,SAT,KSAT,29.5337,-98.4698,San Antonio,US,large_airport
Savannah Hilton Head International Airport,SAV,KSAV,32.12659,-81.19998,Savannah,US,large_airport
Marquette/Sawyer International Airport,MQT,KSAW,46.3515,-87.39588,Gwinn,US,medium_airport
Santa Barbara Municipal Airport,SBA,KSBA,34.4262,-119.84,Santa Barbara,US,medium_airport
San Bernardino International Airport,SBD,KSBD,34.09672,-117.2366,San Bernardino,US,large_airport
South Bend International Airport,SBN,KSBN,41.7083,-86.31692,South Bend,US,medium_airport
San Luis County Regional Airport,SBP,KSBP,35.2368,-120.642,San Luis Obispo,US,medium_airport
Salisbury Ocean City Wicomico Regional Airport,SBY,KSBY,38.3405,-75.5103,Salisbury,US,medium_airport
Stockton Metropolitan Airport,SCK,KSCK,37.89328,-121.23808,Stockton,US,medium_airport
Louisville Muhammad Ali International Airport,SDF,KSDF,38.1706,-85.73508,Louisville,US,large_airport
Sidney - Richland Regional Airport,SDY,KSDY,47.70514,-104.19442,Sidney,US,medium_airport
Seattle–Tacoma International Airport,SEA,KSEA,47.44794,-122.31028,Seattle,US,large_airport
Orlando Sanford International Airport,SFB,KSFB,28.77428,-81.23463,Orlando,US,large_airport
San Francisco International Airport,SFO,KSFO,37.61981,-122.37482,San Francisco,US,large_airport
Springfield Branson National Airport,SGF,KSGF,37.24505,-93.3886,Springfield,US,medium_airport
Northeast Florida Regional Airport,UST,KSGJ,29.9592,-81.3398,St Augustine,US,medium_airport
St George Regional Airport,SGU,KSGU,37.03639,-113.51031,St George,US,medium_airport
Shenandoah Valley Regional Airport,SHD,KSHD,38.2638,-78.8964,Weyers Cave,US,medium_airport
Sheridan County Airport,SHR,KSHR,44.7692,-106.98,Sheridan,US,medium_airport
Shreveport Regional Airport,SHV,KSHV,32.44475,-93.82674,Shreveport,US,medium_airport
Norman Y. Mineta San Jose International Airport,SJC,KSJC,37.36245,-121.92919,San Jose,US,large_airport
San Angelo Regional Mathis Field,SJT,KSJT,31.3577,-100.496,San Angelo,US,medium_airport
Taos Regional Airport,TSM,KSKX,36.45249,-105.67749,Taos,US,medium_airport
Salt Lake City International Airport,SLC,KSLC,40.78886,-111.97987,Salt Lake City,US,large_airport
Salem-Willamette Valley Airport/McNary Field,SLE,KSLE,44.9095,-123.003,Salem,US,medium_airport
Adirondack Regional Airport,SLK,KSLK,44.38691,-74.20463,Saranac Lake,US,medium_airport
Salina Municipal Airport,SLN,KSLN,38.791,-97.6522,Salina,US,medium_airport
Sacramento International Airport,SMF,KSMF,38.6954,-121.591,Sacramento,US,large_airport
Lemhi County Airport,SMN,KSMN,45.12223,-113.88196,Salmon,US,medium_airport
Santa Maria Public Airport Captain G Allan Hancock Field,SMX,KSMX,34.8989,-120.457,Santa Maria,US,medium_airport
John Wayne Orange County International Airport,SNA,KSNA,33.67506,-117.86928,Santa Ana,US,large_airport
Show Low Regional Airport,SOW,KSOW,34.26406,-110.00709,Show Low,US,medium_airport
Abraham Lincoln Capital Airport,SPI,KSPI,39.8441,-89.6779,Springfield,US,medium_airport
Wichita Falls Municipal Airport / Sheppard Air Force Base,SPS,KSPS,33.9888,-98.4919,Wichita Falls,US,medium_airport
San Carlos Airport,SQL,KSQL,37.51313,-122.25084,San Carlos,US,medium_airport
Sarasota Bradenton International Airport,SRQ,KSRQ,27.39463,-82.55436,Sarasota/Bradenton,US,large_airport
Saint Cloud Regional Airport,STC,KSTC,45.5466,-94.0599,Saint Cloud,US,medium_airport
St. Louis Lambert International Airport,STL,KSTL,38.7487,-90.37,St Louis,US,large_airport
Charles M. Schulz Sonoma County Airport,STS,KSTS,38.509,-122.813,Santa Rosa,US,medium_airport
Friedman Memorial Airport,SUN,KSUN,43.5044,-114.296,Hailey,US,medium_airport
Sioux Gateway Airport / Brigadier General Bud Day Field,SUX,KSUX,42.3976,-96.38224,Sioux City,US,medium_airport
Grant County Airport,SVC,KSVC,32.6367,-108.15474,Silver City,US,medium_airport
New York Stewart International Airport,SWF,KSWF,41.50421,-74.1089,Newburgh,US,medium_airport
Stillwater Regional Airport,SWO,KSWO,36.16213,-97.08558,Stillwater,US,medium_airport
Syracuse Hancock International Airport,SYR,KSYR,43.1112,-76.1063,Syracuse,US,large_airport
Waynesville-St. Robert Regional Airport-Forney Field,TBN,KTBN,37.7416,-92.1407,Fort Leonard Wood,US,medium_airport
Teterboro Airport,TEB,KTEB,40.8501,-74.0608,Teterboro,US,medium_airport
Telluride Regional Airport,TEX,KTEX,37.9538,-107.908,Telluride,US,medium_airport
Tacoma Narrows Airport,TIW,KTIW,47.26741,-122.5773,Tacoma,US,medium_airport
Tallahassee International Airport,TLH,KTLH,30.40121,-84.35433,Tallahassee,US,medium_airport
Eugene F. Kranz Toledo Express Airport,TOL,KTOL,41.5868,-83.8078,Toledo,US,medium_airport
Tampa International Airport,TPA,KTPA,27.9755,-82.5332,Tampa,US,large_airport
Tri-Cities Regional TN/VA Airport,TRI,KTRI,36.4752,-82.4074,Blountville,US,medium_airport
Truckee Tahoe Airport,TKF,KTRK,39.31863,-120.14056,Truckee,US,medium_airport
Trenton Mercer Airport,TTN,KTTN,40.2767,-74.8135,Ewing Township,US,medium_airport
Tulsa International Airport,TUL,KTUL,36.19708,-95.88622,Tulsa,US,large_airport
Tupelo Regional Airport,TUP,KTUP,34.2681,-88.7699,Tupelo,US,medium_airport
Tucson International Airport,TUS,KTUS,32.115,-110.93805,Tucson,US,large_airport
Cherry Capital Airport,TVC,KTVC,44.7414,-85.5822,Traverse City,US,medium_airport
Thief River Falls Regional Airport,TVF,KTVF,48.0657,-96.185,Thief River Falls,US,medium_airport
Joslin Field Magic Valley Regional Airport,TWF,KTWF,42.4818,-114.488,Twin Falls,US,medium_airport
Texarkana Regional Airport (Webb Field),TXK,KTXK,33.4537,-93.991,Texarkana,US,medium_airport
Tyler Pounds Regional Airport,TYR,KTYR,32.3541,-95.4024,Tyler,US,medium_airport
McGhee Tyson Airport,TYS,KTYS,35.811,-83.994,Knoxville/Maryville,US,large_airport
Quincy Regional Airport Baldwin Field,UIN,KUIN,39.9427,-91.1946,Quincy,US,medium_airport
State College Regional Airport,SCE,KUNV,40.84937,-77.84852,State College,US,medium_airport
Newport State Airport,NPT,KUUU,41.53221,-71.28104,Newport,US,medium_airport
Victoria Regional Airport,VCT,KVCT,28.8526,-96.9185,Victoria,US,medium_airport
Vernal Regional Airport,VEL,KVEL,40.43621,-109.51166,Vernal,US,medium_airport
Valdosta Regional Airport,VLD,KVLD,30.7825,-83.2767,Valdosta,US,medium_airport
Destin-Fort Walton Beach Airport,VPS,KVPS,30.48131,-86.51584,Valparaiso,US,medium_airport
Vero Beach Regional Airport,VRB,KVRB,27.6556,-80.4179,Vero Beach,US,medium_airport
Westerly State Airport,WST,KWST,41.3496,-71.8034,Westerly,US,medium_airport
Yellowstone Airport,WYS,KWYS,44.6884,-111.118,West Yellowstone,US,medium_airport
Northwest Arkansas National Airport,XNA,KXNA,36.2819,-94.3068,Fayetteville/Springdale/Rogers,US,medium_airport
Williston Basin International Airport,XWA,KXWA,48.26086,-103.75116,Williston,US,medium_airport
Yakima Air Terminal McAllister Field,YKM,KYKM,46.5682,-120.544,Yakima,US,medium_airport
Bokeo International Airport,BOR,LA-0006,20.32399,100.16539,Ton Phueng,LA,medium_airport
Tirana International Airport Mother Teresa,TIA,LATI,41.4147,19.7206,Rinas,AL,large_airport
Burgas Airport,BOJ,LBBG,42.56992,27.51517,Burgas,BG,large_airport
Plovdiv International Airport,PDV,LBPD,42.0678,24.8508,Plovdiv,BG,large_airport
Sofia Airport,SOF,LBSF,42.69636,23.41767,Sofia,BG,large_airport
Varna Airport,VAR,LBWN,43.2321,27.8251,Varna,BG,large_airport
Ercan International Airport,ECN,LCEN,35.15306,33.50735,Tymbou (Kirklar),CY,large_airport
Lefkoniko Airport / Geçitkale Air Base,GEC,LCGK,35.23591,33.72009,Lefkoniko (Geçitkale),CY,medium_airport
Larnaca International Airport,LCA,LCLK,34.8751,33.6249,Larnaca,CY,large_airport
Paphos International Airport,PFO,LCPH,34.718,32.4857,Paphos,CY,large_airport
Dubrovnik Ruđer Bošković Airport,DBV,LDDU,42.56225,18.26554,Dubrovnik,HR,large_airport
Osijek Airport,OSI,LDOS,45.46236,18.81128,Osijek(Klisa),HR,medium_airport
Pula Airport,PUY,LDPL,44.8935,13.9222,Pula,HR,large_airport
Rijeka Airport,RJK,LDRI,45.21638,14.57085,Rijeka(Omišalj),HR,large_airport
Brač Airport,BWK,LDSB,43.28445,16.67836,Gornji Humac,HR,medium_airport
Split Saint Jerome Airport,SPU,LDSP,43.5389,16.298,Split,HR,large_airport
Zagreb Franjo Tuđman International Airport,ZAG,LDZA,45.7429,16.0688,Velika Gorica,HR,large_airport
Zadar Airport,ZAD,LDZD,44.09699,15.35356,Zadar,HR,large_airport
Alicante-Elche Miguel Hernández Airport,ALC,LEAL,38.2822,-0.55816,Alicante,ES,large_airport
Almería Airport,LEI,LEAM,36.8439,-2.3701,Almería,ES,medium_airport
Asturias Airport,OVD,LEAS,43.5636,-6.03462,Ranón,ES,large_airport
Córdoba Airport,ODB,LEBA,37.842,-4.84888,Córdoba,ES,medium_airport
Bilbao Airport,BIO,LEBB,43.3011,-2.91061,Bilbao,ES,large_airport
Josep Tarradellas Barcelona-El Prat Airport,BCN,LEBL,41.2971,2.07846,Barcelona,ES,large_airport
Badajoz Airport,BJZ,LEBZ,38.8913,-6.82133,Badajoz,ES,medium_airport
Castellón-Costa Azahar Airport,CDT,LECH,40.21389,0.07333,Castellón de la Plana,ES,medium_airport
A Coruña Airport,LCG,LECO,43.3021,-8.37726,Culleredo,ES,medium_airport
Lleida-Alguaire Airport,ILD,LEDA,41.72819,0.53502,Lleida,ES,medium_airport
Girona-Costa Brava Airport,GRO,LEGE,41.90464,2.76177,Girona,ES,large_airport
F.G.L. Airport Granada-Jaén Airport,GRX,LEGR,37.1887,-3.77736,Granada,ES,medium_airport
Ibiza Airport,IBZ,LEIB,38.8729,1.37312,Ibiza (Eivissa),ES,large_airport
Jerez Airport,XRY,LEJR,36.7446,-6.06011,Jerez de la Frontera,ES,medium_airport
León Airport,LEN,LELN,42.59071,-5.65341,La Virgen del Camino,ES,medium_airport
Adolfo Suárez Madrid–Barajas Airport,MAD,LEMD,40.49341,-3.57225,Madrid,ES,large_airport
Málaga-Costa del Sol Airport,AGP,LEMG,36.6749,-4.49911,Málaga,ES,large_airport
Menorca Airport,MAH,LEMH,39.8626,4.21865,Mahón (Maó),ES,large_airport
Region of Murcia International Airport,RMU,LEMI,37.80285,-1.12488,Corvera,ES,large_airport
Palma de Mallorca Airport,PMI,LEPA,39.5517,2.73881,Palma de Mallorca,ES,large_airport
Pamplona Airport,PNA,LEPP,42.77,-1.64633,Pamplona,ES,medium_airport
Reus Airport,REU,LERS,41.14751,1.16835,Reus,ES,large_airport
Salamanca Airport,SLM,LESA,40.9521,-5.50199,Salamanca,ES,medium_airport
San Sebastián Airport,EAS,LESO,43.3565,-1.79061,Hondarribia,ES,medium_airport
Santiago-Rosalía de Castro Airport,SCQ,LEST,42.8963,-8.41514,Santiago de Compostela,ES,large_airport
Pirineus - la Seu d'Urgel Airport,LEU,LESU,42.3386,1.40917,La Seu d'Urgell Pyrenees and Andorra,ES,medium_airport
Valencia Airport,VLC,LEVC,39.48916,-0.48096,Valencia,ES,large_airport
Valladolid Airport,VLL,LEVD,41.7061,-4.85194,Valladolid,ES,medium_airport
Vitoria Airport,VIT,LEVT,42.8828,-2.72447,Alava,ES,medium_airport
Vigo Airport,VGO,LEVX,42.2318,-8.62677,Vigo,ES,medium_airport
Seve Ballesteros-Santander Airport,SDR,LEXJ,43.4271,-3.82001,Santander,ES,medium_airport
Zaragoza Airport,ZAZ,LEZG,41.6662,-1.04155,Zaragoza,ES,large_airport
Seville Airport,SVQ,LEZL,37.418,-5.89311,Seville,ES,large_airport
Bordeaux–Mérignac Airport,BOD,LFBD,44.82865,-0.71536,Bordeaux,FR,large_airport
Bergerac Dordogne-Périgord airport,EGC,LFBE,44.8253,0.51861,Bergerac,FR,medium_airport
La Rochelle Île de Ré Airport,LRH,LFBH,46.1792,-1.19528,La Rochelle,FR,medium_airport
Poitiers-Biard Airport,PIS,LFBI,46.5877,0.30667,Poitiers/Biard,FR,medium_airport
Limoges Airport,LIG,LFBL,45.8628,1.17944,Limoges/Bellegarde,FR,medium_airport
Toulouse-Blagnac Airport,TLS,LFBO,43.6291,1.36382,Toulouse/Blagnac,FR,large_airport
Pau Pyrénées Airport,PUF,LFBP,43.38,-0.41861,Pau/Pyrénées (Uzein),FR,medium_airport
Tarbes-Lourdes-Pyrénées Airport,LDE,LFBT,43.1787,-0.00644,Tarbes/Lourdes/Pyrénées,FR,medium_airport
Biarritz Pays Basque airport,BIQ,LFBZ,43.46837,-1.52322,Biarritz,FR,medium_airport
Castres Mazamet Airport,DCM,LFCK,43.5563,2.28918,Castres,FR,medium_airport
Rodez–Aveyron Airport,RDZ,LFCR,44.4079,2.48267,Rodez/Marcillac,FR,medium_airport
Dole Tavaux Airport,DLE,LFGJ,47.03896,5.42759,Dole,FR,medium_airport
Metz-Nancy-Lorraine Airport,ETZ,LFJL,48.9821,6.25132,Goin,FR,medium_airport
Bastia-Poretta International airport,BIA,LFKB,42.5527,9.48373,Bastia,FR,large_airport
Calvi Sainte Catherine Airport,CLY,LFKC,42.53042,8.79298,Calvi,FR,medium_airport
Figari Sud-Corse Airport,FSC,LFKF,41.50185,9.09709,Figari,FR,large_airport
Ajaccio Napoléon Bonaparte airport,AJA,LFKJ,41.9236,8.80292,Ajaccio,FR,medium_airport
Chambéry Aix les Bains airport,CMF,LFLB,45.6381,5.88023,Chambéry,FR,medium_airport
Clermont-Ferrand Auvergne airport,CFE,LFLC,45.7867,3.16917,Clermont-Ferrand,FR,large_airport
Lyon Saint-Exupéry Airport,LYS,LFLL,45.726,5.09014,"Colombier-Saugnieu, Rhône",FR,large_airport
Annecy Meythet airport,NCY,LFLP,45.92895,6.0987,Annecy,FR,medium_airport
Grenoble Alpes Isère Airport,GNB,LFLS,45.3629,5.32937,Grenoble,FR,medium_airport
Aurillac airport,AUR,LFLW,44.8914,2.42194,Aurillac,FR,medium_airport
Carcassonne Salvaza Airport,CCF,LFMK,43.216,2.30632,Carcassonne,FR,medium_airport
Marseille Provence Airport,MRS,LFML,43.43809,5.2125,"Marignane, Bouches-du-Rhône",FR,large_airport
Nice-Côte d'Azur Airport,NCE,LFMN,43.6584,7.21587,"Nice, Alpes-Maritimes",FR,large_airport
Perpignan-Rivesaltes (Llabanère) Airport,PGF,LFMP,42.7404,2.87067,Perpignan/Rivesaltes,FR,medium_airport
Montpellier-Méditerranée Airport,MPL,LFMT,43.5762,3.96301,Montpellier/Méditerranée,FR,large_airport
Béziers Vias airport,BZR,LFMU,43.3235,3.3539,Béziers,FR,medium_airport
Avignon Caumont airport,AVN,LFMV,43.9073,4.90183,Avignon,FR,medium_airport
Beauvais-Tillé airport,BVA,LFOB,49.4544,2.11278,Beauvais,FR,large_airport
Chalons Vatry airport,XCR,LFOK,48.77333,4.20611,Chalons en Champagne,FR,medium_airport
Tours Val de Loire Airport,TUF,LFOT,47.4322,0.72761,"Tours, Indre-et-Loire",FR,medium_airport
Paris-Le Bourget International Airport,LBG,LFPB,48.96228,2.43654,Paris,FR,large_airport
Charles de Gaulle International Airport,CDG,LFPG,49.00896,2.55412,"Paris (Roissy-en-France, Val-d'Oise)",FR,large_airport
Paris-Orly Airport,ORY,LFPO,48.7295,2.35896,"Paris (Orly, Val-de-Marne)",FR,large_airport
Lille Airport,LIL,LFQQ,50.56656,3.10243,Lesquin,FR,large_airport
Brest Bretagne airport,BES,LFRB,48.4479,-4.41854,Brest,FR,large_airport
Dinard Pleurtuit Saint-Malo airport,DNR,LFRD,48.5877,-2.07996,Dinard,FR,medium_airport
Deauville Normandie airport,DOL,LFRG,49.36524,0.15448,Deauville,FR,medium_airport
Lorient South Brittany (Bretagne Sud) Airport,LRT,LFRH,47.7606,-3.44,Lorient/Lann/Bihoué,FR,medium_airport
Caen Carpiquet airport,CFR,LFRK,49.17678,-0.45488,Caen,FR,medium_airport
Le Mans-Arnage Airport,LME,LFRM,47.9486,0.2017,"Le Mans, Sarthe",FR,medium_airport
Rennes-Saint-Jacques Airport,RNS,LFRN,48.0695,-1.73479,"Saint-Jacques-de-la-Lande, Ille-et-Vilaine",FR,medium_airport
Nantes Atlantique Airport,NTE,LFRS,47.1532,-1.61073,Nantes,FR,medium_airport
Saint-Nazaire-Montoir Airport,SNR,LFRZ,47.31142,-2.15263,Saint-Nazaire/Montoir,FR,medium_airport
EuroAirport Basel–Mulhouse–Freiburg,BSL,LFSB,47.60068,7.52112,Bâle / Mulhouse,FR,large_airport
Dijon Longvic airport,DIJ,LFSD,47.2689,5.09,Dijon,FR,medium_airport
Brive Souillac airport,BVE,LFSL,45.03972,1.48556,Brive,FR,medium_airport
Strasbourg Airport,SXB,LFST,48.5383,7.62823,Strasbourg,FR,large_airport
Toulon-Hyères Airport,TLN,LFTH,43.0973,6.14603,"Hyères, Var",FR,medium_airport
Nîmes-Arles-Camargue Airport,FNI,LFTW,43.7574,4.41635,Nîmes/Garons,FR,medium_airport
Saint-Pierre Pointe-Blanche Airport,FSP,LFVP,46.76265,-56.17499,Saint-Pierre,PM,medium_airport
Alexandroupoli Democritus Airport,AXD,LGAL,40.8559,25.9563,Alexandroupolis,GR,medium_airport
Athens Eleftherios Venizelos International Airport,ATH,LGAV,37.9364,23.9445,Spata-Artemida,GR,large_airport
Nea Anchialos National Airport,VOL,LGBL,39.2196,22.7943,Nea Anchialos,GR,medium_airport
Chios Island National Airport,JKH,LGHI,38.3432,26.1406,Chios Island,GR,medium_airport
Ioannina King Pyrrhus National Airport,IOA,LGIO,39.6964,20.8225,Ioannina,GR,medium_airport
Heraklion International Nikos Kazantzakis Airport,HER,LGIR,35.3397,25.1803,Heraklion,GR,large_airport
Kefallinia Airport,EFL,LGKF,38.1201,20.5005,Kefallinia Island,GR,medium_airport
Kalamata Airport,KLX,LGKL,37.0683,22.0255,Kalamata,GR,medium_airport
"Kos International Airport ""Ippokratis""",KGS,LGKO,36.79452,27.09115,Kos Island,GR,large_airport
Karpathos Airport,AOK,LGKP,35.4214,27.146,Karpathos Island,GR,medium_airport
Corfu Ioannis Kapodistrias International Airport,CFU,LGKR,39.60145,19.91218,Kerkyra (Corfu),GR,large_airport
Kavala Alexander the Great International Airport,KVA,LGKV,40.9133,24.6192,Kavala,GR,large_airport
Kozani National Airport Filippos,KZI,LGKZ,40.2861,21.8408,Kozani,GR,medium_airport
Mykonos Island National Airport,JMK,LGMK,37.4351,25.3481,Mykonos,GR,medium_airport
Mytilene International Airport,MJT,LGMT,39.05741,26.59863,Mytilene,GR,medium_airport
Aktion National Airport,PVK,LGPZ,38.9255,20.7653,Preveza,GR,medium_airport
"Rhodes International Airport ""Diagoras""",RHO,LGRP,36.4054,28.0862,Rhodes,GR,large_airport
Patras Araxos Agamemnon Airport,GPA,LGRX,38.1511,21.4256,Patras,GR,medium_airport
Chania International Airport,CHQ,LGSA,35.53121,24.15067,Souda,GR,large_airport
Skiathos Island National Airport,JSI,LGSK,39.1771,23.5037,Skiathos,GR,medium_airport
Samos Airport,SMI,LGSM,37.69,26.9117,Samos Island,GR,medium_airport
Santorini International Airport,JTR,LGSR,36.40004,25.47864,Santorini Island,GR,large_airport
Sitia Airport,JSH,LGST,35.2161,26.1013,Crete Island,GR,medium_airport
Thessaloniki Macedonia International Airport,SKG,LGTS,40.51928,22.97001,Thessaloniki,GR,large_airport
Zakynthos International Airport Dionysios Solomos,ZTH,LGZA,37.7509,20.8843,Zakynthos,GR,medium_airport
Budapest Liszt Ferenc International Airport,BUD,LHBP,47.43018,19.26239,Budapest,HU,large_airport
Debrecen International Airport,DEB,LHDC,47.48947,21.61628,Debrecen,HU,large_airport
Pécs-Pogány International Airport,PEV,LHPP,45.98889,18.24204,Pécs,HU,large_airport
Győr-Pér Airport,,LHPR,47.62844,17.80472,Győr,HU,medium_airport
Hévíz–Balaton Airport,SOB,LHSM,46.68639,17.15908,Sármellék,HU,medium_airport
Crotone Sant'Anna Pythagoras Airport,CRV,LIBC,38.9972,17.0802,Isola di Capo Rizzuto (KR),IT,medium_airport
Bari Karol Wojtyła International Airport,BRI,LIBD,41.1389,16.7606,Bari,IT,large_airport
Foggia Gino Lisa Airport,FOG,LIBF,41.4336,15.53457,Foggia (FG),IT,medium_airport
Abruzzo Airport,PSR,LIBP,42.43108,14.18298,Pescara,IT,large_airport
Brindisi Airport,BDS,LIBR,40.6576,17.947,Brindisi,IT,large_airport
Lamezia Terme Sant'Eufemia International Airport,SUF,LICA,38.90621,16.24601,Lamezia Terme (CZ),IT,large_airport
Comiso Airport,CIY,LICB,36.99583,14.60889,Comiso,IT,medium_airport
Catania-Fontanarossa Airport,CTA,LICC,37.4668,15.0664,Catania,IT,large_airport
Lampedusa Airport,LMP,LICD,35.4979,12.6181,Lampedusa,IT,medium_airport
Pantelleria Airport,PNL,LICG,36.8165,11.9689,Pantelleria (TP),IT,medium_airport
Falcone–Borsellino Airport,PMO,LICJ,38.176,13.091,Palermo,IT,large_airport
Reggio Calabria Airport,REG,LICR,38.0712,15.6516,Reggio Calabria,IT,medium_airport
Vincenzo Florio Airport Trapani-Birgi,TPS,LICT,37.9114,12.488,Trapani (TP),IT,medium_airport
Trento-Mattarello Airport,,LIDT,46.02333,11.125,Trento (TN),IT,medium_airport
Alghero-Fertilia Airport,AHO,LIEA,40.6321,8.29077,Alghero,IT,medium_airport
Cagliari Elmas Airport,CAG,LIEE,39.2515,9.05428,Cagliari,IT,large_airport
Olbia Costa Smeralda Airport,OLB,LIEO,40.89895,9.51846,Olbia (SS),IT,large_airport
Milan Malpensa International Airport,MXP,LIMC,45.6306,8.72811,Ferno (VA),IT,large_airport
Il Caravaggio International Airport,BGY,LIME,45.66936,9.70885,Orio al Serio (BG),IT,large_airport
Turin Airport,TRN,LIMF,45.2008,7.64963,Caselle Torinese (TO),IT,large_airport
Genoa Cristoforo Colombo Airport,GOA,LIMJ,44.41204,8.84073,Genova (GE),IT,large_airport
Milano Linate Airport,LIN,LIML,45.4451,9.27674,Segrate (MI),IT,large_airport
Parma Airport,PMF,LIMP,44.82635,10.29705,Parma (PR),IT,medium_airport
Cuneo International Airport,CUF,LIMZ,44.54746,7.62305,Levaldigi (CN),IT,medium_airport
Bolzano Airport,BZO,LIPB,46.45925,11.32612,Bolzano (BZ),IT,medium_airport
Bologna Guglielmo Marconi Airport,BLQ,LIPE,44.5354,11.2887,Bologna,IT,large_airport
Treviso Airport,TSF,LIPH,45.6484,12.1944,Treviso (TV),IT,large_airport
Forlì-Luigi Ridolfi International Airport,FRL,LIPK,44.1948,12.0701,Forlì (FC),IT,medium_airport
Brescia Gabriele d'Annunzio Airport,VBS,LIPO,45.4289,10.3306,Montichiari (BS),IT,medium_airport
Trieste Airport,TRS,LIPQ,45.82786,13.46667,Ronchi dei Legionari/Trieste,IT,large_airport
Federico Fellini International Airport,RMI,LIPR,44.02002,12.6122,Rimini (RN),IT,large_airport
Verona Villafranca Valerio Catullo Airport,VRN,LIPX,45.39496,10.8873,Caselle (VR),IT,large_airport
Marche Airport,AOI,LIPY,43.6163,13.3623,Falconara Marittima (AN),IT,medium_airport
Venice Marco Polo Airport,VCE,LIPZ,45.5053,12.3519,Venezia (VE),IT,large_airport
Ciampino–G. B. Pastine International Airport,CIA,LIRA,41.79877,12.59533,Rome,IT,large_airport
Rome–Fiumicino Leonardo da Vinci International Airport,FCO,LIRF,41.80453,12.252,Rome,IT,large_airport
Salerno Costa d'Amalfi Airport,QSR,LIRI,40.6204,14.9113,Salerno,IT,medium_airport
Marina di Campo Airport,EBA,LIRJ,42.76087,10.23981,Campo nell'Elba (LI),IT,medium_airport
Naples International Airport,NAP,LIRN,40.886,14.2908,Napoli,IT,large_airport
Pisa International Airport,PSA,LIRP,43.6839,10.3927,Pisa (PI),IT,large_airport
"Florence Airport, Peretola",FLR,LIRQ,43.80856,11.20282,Firenze (FI),IT,large_airport
Perugia San Francesco d'Assisi – Umbria International Airport,PEG,LIRZ,43.0959,12.5132,Perugia (PG),IT,large_airport
Ljubljana Jože Pučnik Airport,LJU,LJLJ,46.2237,14.4576,Zgornji Brnik,SI,large_airport
Maribor Edvard Rusjan Airport,MBX,LJMB,46.4799,15.6861,Maribor,SI,medium_airport
České Budějovice South Bohemian Airport,JCL,LKCS,48.94817,14.42832,České Budějovice,CZ,large_airport
Karlovy Vary Airport,KLV,LKKV,50.203,12.915,Karlovy Vary,CZ,large_airport
Leoš Janáček Airport Ostrava,OSR,LKMT,49.6963,18.1111,Mošnov,CZ,large_airport
Pardubice Airport,PED,LKPD,50.01505,15.73981,Pardubice,CZ,large_airport
Václav Havel Airport Prague,PRG,LKPR,50.10087,14.25991,Prague,CZ,large_airport
Brno-Tuřany Airport,BRQ,LKTB,49.15128,16.69397,Brno,CZ,medium_airport
Ben Gurion International Airport,TLV,LLBG,32.0114,34.8867,Tel Aviv,IL,large_airport
Ramon International Airport,ETM,LLER,29.72701,35.01412,Eilat,IL,large_airport
Uri Michaeli Haifa International Airport,HFA,LLHA,32.81022,35.04372,Haifa,IL,medium_airport
Malta International Airport,MLA,LMML,35.84593,14.49155,Valletta,MT,large_airport
Graz Airport,GRZ,LOWG,46.9911,15.4396,Feldkirchen bei Graz,AT,large_airport
Innsbruck Airport,INN,LOWI,47.2602,11.344,Innsbruck,AT,large_airport
Klagenfurt Airport,KLU,LOWK,46.6425,14.3377,Klagenfurt am Wörthersee,AT,large_airport
Linz-Hörsching Airport,LNZ,LOWL,48.23536,14.18813,Linz,AT,large_airport
Salzburg Airport,SZG,LOWS,47.7933,13.0043,Salzburg,AT,large_airport
Vienna International Airport,VIE,LOWW,48.1103,16.5697,Vienna,AT,large_airport
Santa Maria Airport,SMA,LPAZ,36.9714,-25.1706,Vila do Porto,PT,medium_airport
Bragança Airport,BGC,LPBG,41.8578,-6.70713,Bragança,PT,medium_airport
Cascais Airport,CAT,LPCS,38.725,-9.35523,Cascais,PT,medium_airport
Flores Airport,FLW,LPFL,39.4553,-31.1314,Santa Cruz das Flores,PT,medium_airport
Faro - Gago Coutinho International Airport,FAO,LPFR,37.01591,-7.97094,Faro,PT,large_airport
Graciosa Airport,GRW,LPGR,39.0922,-28.0298,Santa Cruz da Graciosa,PT,medium_airport
Horta Airport,HOR,LPHR,38.5199,-28.7159,Horta,PT,medium_airport
Lajes Airport,TER,LPLA,38.7618,-27.0908,Praia da Vitória,PT,medium_airport
Cristiano Ronaldo International Airport,FNC,LPMA,32.69781,-16.77461,Funchal,PT,large_airport
João Paulo II Airport,PDL,LPPD,37.7412,-25.6979,Ponta Delgada,PT,large_airport
Pico Airport,PIX,LPPI,38.5543,-28.4413,Pico Island,PT,medium_airport
Portimão Airport,PRM,LPPM,37.1493,-8.58396,Portimão,PT,medium_airport
Francisco de Sá Carneiro Airport,OPO,LPPR,41.2481,-8.68139,Porto,PT,large_airport
Porto Santo Airport,PXO,LPPS,33.0734,-16.35,Vila Baleira,PT,medium_airport
Lisbon Humberto Delgado Airport,LIS,LPPT,38.7813,-9.13592,Lisbon,PT,large_airport
São Jorge Airport,SJZ,LPSJ,38.6655,-28.1758,Velas,PT,medium_airport
Vila Real Airport,VRL,LPVR,41.2743,-7.72047,Vila Real,PT,medium_airport
Aerodromo Goncalves Lobato (Viseu Airport),VSE,LPVZ,40.7255,-7.88899,Viseu,PT,medium_airport
Banja Luka International Airport,BNX,LQBK,44.9414,17.2975,Mahovljani,BA,large_airport
Mostar International Airport,OMO,LQMO,43.28249,17.8461,Mostar,BA,large_airport
Sarajevo International Airport,SJJ,LQSA,43.8246,18.3315,Sarajevo,BA,large_airport
Tuzla International Airport,TZL,LQTZ,44.45986,18.72363,Dubrave Gornje,BA,large_airport
Arad International Airport,ARW,LRAR,46.17614,21.26432,Arad,RO,medium_airport
Bacău George Enescu International  Airport,BCM,LRBC,46.5219,26.9103,Bacău,RO,large_airport
Maramureș International Airport,BAY,LRBM,47.65844,23.46445,Tăuții-Măgherăuș,RO,medium_airport
Bucharest Băneasa Aurel Vlaicu International Airport,BBU,LRBS,44.50313,26.10294,Bucharest,RO,large_airport
Brașov-Ghimbav International Airport,GHV,LRBV,45.70558,25.52287,Brașov (Ghimbav),RO,large_airport
Mihail Kogălniceanu International Airport,CND,LRCK,44.3622,28.4883,Constanța,RO,large_airport
Avram Iancu Cluj International Airport,CLJ,LRCL,46.78604,23.68573,Cluj-Napoca,RO,large_airport
Craiova International Airport,CRA,LRCV,44.3181,23.8886,Craiova,RO,large_airport
Iaşi International Airport,IAS,LRIA,47.17963,27.62143,Iaşi,RO,large_airport
Oradea International Airport,OMR,LROD,47.0253,21.9025,Oradea,RO,large_airport
Bucharest Henri Coandă International Airport,OTP,LROP,44.57179,26.10328,Otopeni,RO,large_airport
Sibiu International Airport,SBZ,LRSB,45.78584,24.08667,Sibiu,RO,large_airport
Satu Mare International Airport,SUJ,LRSM,47.7033,22.8857,Satu Mare,RO,medium_airport
Suceava Ștefan cel Mare International Airport,SCV,LRSV,47.6875,26.3541,Suceava,RO,large_airport
Târgu Mureş Transilvania International Airport,TGM,LRTM,46.4677,24.4125,Recea,RO,medium_airport
Timișoara Traian Vuia International Airport,TSR,LRTR,45.8099,21.3379,Timişoara,RO,large_airport
Geneva International Airport,GVA,LSGG,46.2381,6.10895,Geneva,CH,large_airport
Lugano Airport,LUG,LSZA,46.0043,8.91058,Agno,CH,medium_airport
Bern Airport,BRN,LSZB,46.91274,7.49882,Bern,CH,medium_airport
Zürich Airport,ZRH,LSZH,47.45806,8.54806,Zurich,CH,large_airport
Sankt Gallen Altenrhein Airport,ACH,LSZR,47.485,9.56077,St. Gallen,CH,medium_airport
Esenboğa International Airport,ESB,LTAC,40.1281,32.9951,Ankara,TR,large_airport
Adana Şakirpaşa Airport,ADA,LTAF,36.9822,35.2804,Seyhan,TR,large_airport
Antalya International Airport,AYT,LTAI,36.8987,30.8005,Antalya,TR,large_airport
Gaziantep Oğuzeli International Airport,GZT,LTAJ,36.9472,37.4787,Gaziantep,TR,large_airport
Konya Airport,KYA,LTAN,37.979,32.5619,Konya,TR,large_airport
Zonguldak Çaycuma Airport,ONQ,LTAS,41.5064,32.0886,Zonguldak,TR,medium_airport
Malatya Erhaç Airport,MLX,LTAT,38.4353,38.091,Malatya,TR,medium_airport
Kayseri Erkilet International Airport,ASR,LTAU,38.7704,35.4954,Kayseri,TR,large_airport
Tokat Airport,TJK,LTAW,40.32472,36.39056,Tokat,TR,medium_airport
Çardak Airport,DNZ,LTAY,37.7856,29.7013,Denizli,TR,medium_airport
Nevşehir Kapadokya Airport,NAV,LTAZ,38.7719,34.5345,Nevşehir,TR,large_airport
Balıkesir Airport,BZI,LTBF,39.6193,27.926,Balıkesir,TR,medium_airport
Çanakkale Airport,CKZ,LTBH,40.1377,26.4268,Çanakkale,TR,medium_airport
Adnan Menderes International Airport,ADB,LTBJ,38.2924,27.157,Gaziemir,TR,large_airport
Bursa Yenişehir Airport,YEI,LTBR,40.2552,29.5626,Yenişehir,TR,medium_airport
Dalaman International Airport,DLM,LTBS,36.7131,28.7925,Dalaman,TR,large_airport
Tekirdağ Çorlu Airport,TEQ,LTBU,41.1382,27.9191,Çorlu,TR,medium_airport
Hasan Polatkan Airport,AOE,LTBY,39.81164,30.51927,Eskişehir,TR,large_airport
Elazığ Airport,EZS,LTCA,38.59797,39.28348,Elazığ,TR,medium_airport
Ordu–Giresun Airport,OGU,LTCB,40.96687,38.08599,Ordu,TR,medium_airport
Diyarbakır Airport,DIY,LTCC,37.8939,40.201,Diyarbakır,TR,medium_airport
Erzincan Airport,ERC,LTCD,39.7102,39.527,Erzincan,TR,medium_airport
Erzurum International Airport,ERZ,LTCE,39.9565,41.1702,Erzurum,TR,medium_airport
Kars Airport,KSY,LTCF,40.5622,43.115,Kars,TR,medium_airport
Trabzon International Airport,TZX,LTCG,40.9951,39.7897,Trabzon,TR,medium_airport
Van Ferit Melen Airport,VAN,LTCI,38.4682,43.3323,Van,TR,medium_airport
Batman Airport,BAL,LTCJ,37.929,41.1166,Batman,TR,medium_airport
Muş Airport,MSR,LTCK,38.7478,41.6612,Muş,TR,medium_airport
Sinop Airport,NOP,LTCM,42.01831,35.07177,Sinop,TR,medium_airport
Kahramanmaraş Airport,KCM,LTCN,37.53883,36.95352,Kahramanmaraş,TR,medium_airport
Ağrı Airport,AJI,LTCO,39.65564,43.02574,Ağrı,TR,medium_airport
Adıyaman Airport,ADF,LTCP,37.7314,38.4689,Adıyaman,TR,medium_airport
Mardin Airport,MQM,LTCR,37.2233,40.6317,Mardin,TR,medium_airport
Şanlıurfa GAP Airport,GNY,LTCS,37.44566,38.89559,Şanlıurfa,TR,large_airport
Iğdır Airport,IGD,LTCT,39.97663,43.87665,Iğdır,TR,medium_airport
Şırnak Şerafettin Elçi Airport,NKT,LTCV,37.3647,42.0582,Şırnak,TR,medium_airport
Hakkari Yüksekova Airport,YKO,LTCW,37.5497,44.2381,Hakkari,TR,medium_airport
Hatay Airport,HTY,LTDA,36.36079,36.28559,Antakya,TR,medium_airport
Çukurova International Airport,COV,LTDB,36.89148,35.07124,Tarsus,TR,large_airport
Süleyman Demirel International Airport,ISE,LTFC,37.8554,30.3684,Isparta,TR,medium_airport
Balıkesir Koca Seyit Airport,EDO,LTFD,39.55253,27.01019,Edremit,TR,large_airport
Milas Bodrum International Airport,BJV,LTFE,37.24931,27.66401,Bodrum,TR,large_airport
Gazipaşa-Alanya Airport,GZP,LTFG,36.29883,32.29702,Gazipaşa,TR,medium_airport
Samsun-Çarşamba Airport,SZF,LTFH,41.25399,36.56755,Samsun,TR,medium_airport
Istanbul Sabiha Gökçen International Airport,SAW,LTFJ,40.8986,29.3092,"Pendik, Istanbul",TR,large_airport
İstanbul Airport,IST,LTFM,41.27487,28.73214,Istanbul,TR,large_airport
Rize–Artvin Airport,RZV,LTFO,41.17977,40.8488,Rize,TR,large_airport
Chişinău International Airport,RMO,LUKK,46.92774,28.9317,Chişinău,MD,large_airport
Ohrid St. Paul the Apostle Airport,OHD,LWOH,41.18,20.7423,Ohrid,MK,large_airport
Skopje International Airport,SKP,LWSK,41.95809,21.62258,Ilinden,MK,large_airport
Gibraltar Airport,GIB,LXGB,36.15168,-5.34978,Gibraltar,GI,large_airport
Belgrade Nikola Tesla Airport,BEG,LYBE,44.8184,20.3091,Belgrade,RS,large_airport
Morava Airport,KVO,LYKV,43.81752,20.58666,Kraljevo,RS,medium_airport
Niš Constantine the Great Airport,INI,LYNI,43.33654,21.85624,Niš,RS,large_airport
Podgorica Airport / Podgorica Golubovci Airbase,TGD,LYPG,42.3594,19.2519,Podgorica,ME,large_airport
Tivat Airport,TIV,LYTV,42.4047,18.7233,Tivat,ME,medium_airport
Langzhong Gucheng Airport,LZG,LZG,31.50191,106.03442,Nanchong (Langzhong),CN,medium_airport
M. R. Štefánik Airport,BTS,LZIB,48.1702,17.2127,Bratislava,SK,large_airport
Košice International Airport,KSC,LZKZ,48.6631,21.2411,Košice,SK,medium_airport
Sliač Airport,SLD,LZSL,48.6378,19.1341,Sliač,SK,medium_airport
Poprad-Tatry Airport,TAT,LZTT,49.07099,20.24139,Poprad,SK,medium_airport
JAGS McCartney International Airport,GDT,MBGT,21.4445,-71.1423,Cockburn Town,TC,medium_airport
North Caicos Airport,NCA,MBNC,21.91609,-71.94295,North Caicos,TC,medium_airport
Providenciales International Airport,PLS,MBPV,21.7737,-72.26832,Providenciales,TC,large_airport
South Caicos Airport,XSC,MBSC,21.5157,-71.5285,South Caicos,TC,medium_airport
Maria Montez International Airport,BRX,MDBH,18.2515,-71.1204,Barahona,DO,medium_airport
Samaná El Catey International Airport,AZS,MDCY,19.26926,-69.7374,Samana,DO,medium_airport
La Isabela International Airport,JBQ,MDJB,18.5725,-69.9856,La Isabela,DO,medium_airport
Casa De Campo International Airport,LRM,MDLR,18.45222,-68.91111,La Romana,DO,large_airport
Punta Cana International Airport,PUJ,MDPC,18.56709,-68.36456,Punta Cana,DO,large_airport
Gregorio Luperon International Airport,POP,MDPP,19.7579,-70.57,Puerto Plata,DO,medium_airport
Las Américas International Airport,SDQ,MDSD,18.4297,-69.6689,Santo Domingo,DO,large_airport
Cibao International Airport,STI,MDST,19.40406,-70.60443,Santiago,DO,large_airport
La Aurora International Airport,GUA,MGGT,14.5829,-90.52751,Guatemala City,GT,large_airport
Puerto Barrios Airport,PBR,MGPB,15.7309,-88.5838,Puerto Barrios,GT,medium_airport
Retalhuleu Airport,RER,MGRT,14.52143,-91.697,Retalhuleu,GT,medium_airport
Mundo Maya International Airport,FRS,MGTK,16.91371,-89.86614,San Benito,GT,medium_airport
Golosón International Airport,LCE,MHLC,15.7425,-86.853,La Ceiba,HN,medium_airport
Ramón Villeda Morales International Airport,SAP,MHLM,15.4526,-87.9236,San Pedro Sula,HN,large_airport
La Laguna Airport,GJA,MHNJ,16.4454,-85.9066,Guanaja,HN,medium_airport
Juan Manuel Gálvez International Airport,RTB,MHRO,16.3168,-86.523,Coxen Hole,HN,large_airport
Palmerola International Airport,XPL,MHSC,14.3824,-87.6212,Palmerola,HN,large_airport
Toncontín Airport,TGU,MHTG,14.0609,-87.2172,Tegucigalpa,HN,medium_airport
Ian Fleming International Airport,OCJ,MKBS,18.40408,-76.96975,Boscobel,JM,medium_airport
Norman Manley International Airport,KIN,MKJP,17.9357,-76.7875,Kingston,JM,large_airport
Sangster International Airport,MBJ,MKJS,18.50342,-77.91323,Montego Bay,JM,large_airport
Tinson Pen Airport,KTP,MKTP,17.9886,-76.8238,Tinson Pen,JM,medium_airport
General Juan N. Álvarez International Airport,ACA,MMAA,16.75713,-99.75311,Acapulco,MX,large_airport
Aguascalientes International Airport,AGU,MMAS,21.69959,-102.31837,Aguascalientes,MX,large_airport
Bahías de Huatulco International Airport,HUX,MMBT,15.77544,-96.26046,Huatulco,MX,large_airport
Ciudad del Carmen International Airport,CME,MMCE,18.65152,-91.79936,Ciudad del Carmen,MX,medium_airport
Bachigualato Federal International Airport,CUL,MMCL,24.76504,-107.47523,Culiacán,MX,large_airport
Chetumal International Airport,CTM,MMCM,18.50499,-88.32802,Chetumal,MX,medium_airport
Ciudad Obregón International Airport,CEN,MMCN,27.3926,-109.833,Ciudad Obregón,MX,medium_airport
Ingeniero Alberto Acuña Ongay International Airport,CPE,MMCP,19.81597,-90.50012,Campeche,MX,medium_airport
Abraham González International Airport,CJS,MMCS,31.63667,-106.42853,Ciudad Juárez,MX,large_airport
General Roberto Fierro Villalobos International Airport,CUU,MMCU,28.70265,-105.96376,Chihuahua,MX,large_airport
General Pedro Jose Mendez International Airport,CVM,MMCV,23.7033,-98.9565,Ciudad Victoria,MX,medium_airport
Cozumel International Airport,CZM,MMCZ,20.51492,-86.92854,Cozumel,MX,large_airport
General Guadalupe Victoria International Airport,DGO,MMDO,24.12547,-104.52794,Durango,MX,medium_airport
Amado Nervo National Airport,TPQ,MMEP,21.41983,-104.84247,Tepic,MX,medium_airport
Guadalajara International Airport,GDL,MMGL,20.52334,-103.31011,Guadalajara,MX,large_airport
General José María Yáñez International Airport,GYM,MMGM,27.969,-110.925,Guaymas,MX,medium_airport
General Ignacio L. Pesqueira International Airport,HMO,MMHO,29.09281,-111.05302,Hermosillo,MX,large_airport
Licenciado Miguel de la Madrid International Airport,CLQ,MMIA,19.277,-103.577,Colima,MX,medium_airport
Plan de Guadalupe International Airport,SLW,MMIO,25.53786,-100.92835,Saltillo,MX,medium_airport
General Antonio Cárdenas Rodríguez National Airport / Ixtepec Air Base,IZT,MMIT,16.44596,-95.09371,Ixtepec,MX,medium_airport
Valle del Fuerte International Airport,LMM,MMLM,25.6855,-109.08116,Los Mochis,MX,medium_airport
Guanajuato International Airport,BJX,MMLO,20.9927,-101.48028,Silao,MX,large_airport
Manuel Márquez de León International Airport,LAP,MMLP,24.07233,-110.36266,La Paz,MX,medium_airport
Loreto International Airport,LTO,MMLT,25.98955,-111.34841,Loreto,MX,large_airport
General Servando Canales International Airport,MAM,MMMA,25.7699,-97.5253,Matamoros,MX,medium_airport
Manuel Crescencio Rejón International Airport,MID,MMMD,20.93049,-89.64546,Mérida,MX,large_airport
General Rodolfo Sánchez Taboada International Airport,MXL,MMML,32.63063,-115.24281,Mexicali,MX,medium_airport
General Francisco J. Mujica International Airport,MLM,MMMM,19.8499,-101.025,Morelia,MX,large_airport
Minatitlán/Coatzacoalcos International Airport,MTT,MMMT,18.1034,-94.5807,Cosoleacaque,MX,medium_airport
Mexico City Benito Juárez International Airport,MEX,MMMX,19.43582,-99.07033,Mexico City,MX,large_airport
Monterrey International Airport,MTY,MMMY,25.77852,-100.10699,Monterrey,MX,large_airport
General Rafael Buelna International Airport,MZT,MMMZ,23.16282,-106.26452,Mazatlàn,MX,large_airport
Quetzalcóatl International Airport,NLD,MMNL,27.4439,-99.5705,Nuevo Laredo,MX,medium_airport
Xoxocotlán International Airport,OAX,MMOX,16.99877,-96.72609,Oaxaca,MX,large_airport
El Tajín National Airport,PAZ,MMPA,20.6027,-97.4608,Poza Rica,MX,medium_airport
Hermanos Serdán International Airport,PBC,MMPB,19.15846,-98.37158,Puebla,MX,large_airport
Piedras Negras International Airport,PDS,MMPG,28.62787,-100.53524,Piedras Negras,MX,medium_airport
Uruapan - Licenciado y General Ignacio Lopez Rayon International Airport,UPN,MMPN,19.3967,-102.039,Uruapan,MX,medium_airport
Puerto Vallarta International Airport,PVR,MMPR,20.67991,-105.25439,Puerto Vallarta,MX,large_airport
Puerto Escondido International Airport,PXM,MMPS,15.87681,-97.0891,Puerto Escondido,MX,medium_airport
Querétaro Intercontinental Airport,QRO,MMQT,20.61878,-100.18645,Querétaro,MX,large_airport
General Lucio Blanco International Airport,REX,MMRX,26.0089,-98.2285,Reynosa,MX,medium_airport
Los Cabos International Airport,SJD,MMSD,23.15192,-109.72073,San José del Cabo,MX,large_airport
Cabo San Lucas International Airport,CSW,MMSL,22.94907,-109.93948,Cabo San Lucas,MX,medium_airport
Felipe Ángeles International Airport,NLU,MMSM,19.74382,-99.01507,Mexico City,MX,large_airport
Ponciano Arriaga International Airport,SLP,MMSP,22.26203,-100.93569,San Luis Potosí,MX,medium_airport
Francisco Sarabia Tinoco International Airport,TRC,MMTC,25.56227,-103.40461,Torreón,MX,medium_airport
Angel Albino Corzo International Airport,TGZ,MMTG,16.56161,-93.02573,Tuxtla Gutiérrez,MX,medium_airport
General Abelardo L. Rodriguez International Airport,TIJ,MMTJ,32.54104,-116.96998,Tijuana,MX,large_airport
Felipe Carrillo Puerto International Airport Tulum,TQO,MMTL,20.1721,-87.66027,Tulum,MX,large_airport
General Francisco Javier Mina International Airport,TAM,MMTM,22.29262,-97.86706,Ciudad Madero,MX,medium_airport
Adolfo López Mateos International Airport,TLC,MMTO,19.3369,-99.56583,Toluca,MX,large_airport
Tapachula International Airport,TAP,MMTP,14.79455,-92.36987,Tapachula,MX,medium_airport
Cancún International Airport,CUN,MMUN,21.04082,-86.87347,Cancún,MX,large_airport
Carlos Rovirosa Pérez International Airport,VSA,MMVA,17.99428,-92.8182,Villahermosa,MX,large_airport
General Heriberto Jara International Airport,VER,MMVR,19.13959,-96.1886,Veracruz,MX,large_airport
General Leobardo C. Ruiz International Airport,ZCL,MMZC,22.89494,-102.68715,Zacatecas,MX,medium_airport
Ixtapa-Zihuatanejo International Airport,ZIH,MMZH,17.60177,-101.46063,Ixtapa,MX,large_airport
Playa de Oro International Airport,ZLO,MMZO,19.1448,-104.559,Manzanillo,MX,medium_airport
Bluefields Airport,BEF,MNBL,11.991,-83.7741,Bluefields,NI,medium_airport
Augusto C. Sandino (Managua) International Airport,MGA,MNMG,12.1415,-86.1682,Managua,NI,large_airport
Puerto Cabezas Airport,PUZ,MNPC,14.0472,-83.3867,Puerto Cabezas,NI,medium_airport
"Bocas del Toro ""Isla Colón"" International Airport",BOC,MPBO,9.34085,-82.2508,Isla Colón,PA,medium_airport
Alonso Valderrama Airport,CTD,MPCE,7.98784,-80.40984,Chitré,PA,medium_airport
Changuinola Captain Manuel Niño International Airport,CHX,MPCH,9.45896,-82.51506,Changuinola,PA,medium_airport
Enrique Malek International Airport,DAV,MPDA,8.38898,-82.43642,David,PA,medium_airport
Enrique Adolfo Jimenez Airport,ONX,MPEJ,9.35664,-79.8674,Colón,PA,medium_airport
Marcos A. Gelabert International Airport,PAC,MPMG,8.97334,-79.5556,Albrook,PA,medium_airport
Tocumen International Airport,PTY,MPTO,9.07136,-79.3835,Tocumen,PA,large_airport
La Fortuna Arenal Airport,FON,MRAN,10.46931,-84.57907,La Fortuna,CR,medium_airport
Aerotortuguero Airport,,MRAO,10.42,-83.6095,Roxana,CR,medium_airport
Golfito Airport,GLF,MRGF,8.65401,-83.1822,Golfito,CR,medium_airport
Daniel Oduber Quirós International Airport,LIR,MRLB,10.5933,-85.5444,Liberia,CR,large_airport
Limón International Airport,LIO,MRLM,9.95796,-83.022,Limón,CR,medium_airport
Nosara Airport,NOB,MRNS,9.97649,-85.653,Nicoya,CR,medium_airport
Juan Santamaría International Airport,SJO,MROC,9.99386,-84.2088,San José (Alajuela),CR,large_airport
Puerto Jimenez Airport,PJM,MRPJ,8.53333,-83.3,Puerto Jimenez,CR,medium_airport
Tobías Bolaños International Airport,SYQ,MRPV,9.95705,-84.1398,San Jose,CR,medium_airport
Quepos Managua Airport,XQP,MRQP,9.44316,-84.1298,Quepos,CR,medium_airport
El Salvador International Airport Saint Óscar Arnulfo Romero y Galdámez,SAL,MSLP,13.44447,-89.05578,San Salvador (San Luis Talpa),SV,large_airport
Ilopango International Airport,ILS,MSSS,13.6995,-89.1199,San Salvador,SV,medium_airport
Antoine-Simon International Airport,CYA,MTCA,18.2711,-73.7883,Les Cayes,HT,medium_airport
Cap Haitien International Airport,CAP,MTCH,19.72555,-72.20071,Cap Haitien,HT,large_airport
Jérémie Airport,JEE,MTJE,18.6631,-74.1703,Carrefour Sanon,HT,medium_airport
Toussaint Louverture International Airport,PAP,MTPP,18.58002,-72.2926,Port-au-Prince,HT,large_airport
Gustavo Rizo Airport,BCA,MUBA,20.3653,-74.5062,Baracoa,CU,medium_airport
Carlos Manuel de Cespedes Airport,BYM,MUBY,20.3964,-76.6214,Bayamo,CU,medium_airport
Jardines Del Rey Airport,CCC,MUCC,22.461,-78.3284,Cayo Coco,CU,medium_airport
Jaime Gonzalez Airport,CFG,MUCF,22.15,-80.4142,Cienfuegos,CU,medium_airport
Vilo Acuña International Airport,CYO,MUCL,21.6165,-81.546,Cayo Largo del Sur,CU,medium_airport
Ignacio Agramonte International Airport,CMW,MUCM,21.41991,-77.84804,Camaguey,CU,large_airport
Antonio Maceo International Airport,SCU,MUCU,19.97474,-75.8355,Santiago,CU,large_airport
José Martí International Airport,HAV,MUHA,22.9892,-82.4091,Havana,CU,large_airport
Frank Pais International Airport,HOG,MUHG,20.78515,-76.31553,Holguin,CU,large_airport
Sierra Maestra International Airport,MZO,MUMZ,20.28861,-77.08755,Manzanillo,CU,medium_airport
Rafael Cabrera Airport,GER,MUNG,21.8347,-82.7838,Nueva Gerona,CU,medium_airport
Abel Santamaria International Airport,SNU,MUSC,22.49222,-79.94312,Santa Clara,CU,large_airport
Alberto Delgado Airport,TND,MUTD,21.7883,-79.9972,Trinidad,CU,medium_airport
Juan Gualberto Gomez International Airport,VRA,MUVR,23.0344,-81.4353,Matanzas,CU,large_airport
Hermanos Ameijeiras Airport,VTU,MUVT,20.9876,-76.9358,Las Tunas,CU,medium_airport
Charles Kirkconnell International Airport,CYB,MWCB,19.687,-79.8828,West End,KY,medium_airport
Owen Roberts International Airport,GCM,MWCR,19.2928,-81.3577,George Town,KY,large_airport
Andros Town Airport,ASD,MYAF,24.6979,-77.7956,Andros Town,BS,medium_airport
Congo Town Airport,TZN,MYAK,24.1587,-77.5898,Andros,BS,medium_airport
Leonard M. Thompson International Airport,MHH,MYAM,26.51071,-77.08426,Marsh Harbour,BS,medium_airport
San Andros Airport,SAQ,MYAN,25.0538,-78.049,Andros Island,BS,medium_airport
Spring Point Airport,AXP,MYAP,22.4418,-73.9709,Spring Point,BS,medium_airport
Treasure Cay Airport,TCB,MYAT,26.7453,-77.3913,Treasure Cay,BS,medium_airport
Chub Cay Airport,CCZ,MYBC,25.4171,-77.8809,Chub Cay,BS,medium_airport
South Bimini Airport,BIM,MYBS,25.6999,-79.2647,South Bimini,BS,medium_airport
Arthur's Town Airport,ATC,MYCA,24.6294,-75.6738,Arthur's Town,BS,medium_airport
New Bight Airport,TBI,MYCB,24.3153,-75.4523,Cat Island,BS,medium_airport
Colonel Hill Airport,CRI,MYCI,22.7456,-74.1824,Colonel Hill,BS,medium_airport
Exuma International Airport,GGT,MYEF,23.5626,-75.878,Moss Town,BS,medium_airport
North Eleuthera Airport,ELH,MYEH,25.47582,-76.68078,North Eleuthera,BS,medium_airport
Governor's Harbour Airport,GHB,MYEM,25.2847,-76.331,Governor's Harbour,BS,medium_airport
Rock Sound International Airport,RSD,MYER,24.89165,-76.1776,Rock Sound,BS,medium_airport
Grand Bahama International Airport,FPO,MYGF,26.558,-78.69558,Freeport,BS,large_airport
Inagua Airport,IGA,MYIG,20.975,-73.6669,Matthew Town,BS,medium_airport
Deadman's Cay Airport,LGI,MYLD,23.179,-75.0936,Deadman's Cay,BS,medium_airport
Stella Maris Airport,SML,MYLS,23.58232,-75.26862,Stella Maris,BS,medium_airport
Mayaguana Airport,MYG,MYMM,22.3795,-73.01349,Abraham Bay Settlement,BS,medium_airport
Lynden Pindling International Airport,NAS,MYNN,25.039,-77.4662,Nassau,BS,large_airport
San Salvador International Airport,ZSA,MYSM,24.06304,-74.52323,San Salvador,BS,large_airport
Philip S. W. Goldson International Airport,BZE,MZBZ,17.53995,-88.30356,Belize City,BZ,large_airport
Placencia Airport,PLJ,MZPL,16.53696,-88.36151,Placencia,BZ,medium_airport
Rarotonga International Airport,RAR,NCRG,-21.2027,-159.806,Avarua,CK,large_airport
Nadi International Airport,NAN,NFFN,-17.76182,177.43784,Nadi,FJ,large_airport
Nausori International Airport,SUV,NFNA,-18.04423,178.56149,Nausori,FJ,large_airport
Labasa Airport,LBS,NFNL,-16.4667,179.34,Labasa,FJ,medium_airport
Fua'amotu International Airport,TBU,NFTF,-21.24144,-175.14916,Nuku'alofa,TO,large_airport
Lifuka Island Airport,HPA,NFTL,-19.777,-174.341,Lifuka,TO,medium_airport
Vava'u International Airport,VAV,NFTV,-18.5853,-173.96201,Vava'u Island,TO,large_airport
Port Harcourt City Airport / Port Harcourt Air Force Base,PHG,NG-0004,4.84611,7.02139,Port Harcourt,NG,medium_airport
Sir Ahmadu Bello International Airport,,NG-0005,12.47905,4.36913,Birinin Kebbi,NG,large_airport
Funafuti International Airport,FUN,NGFU,-8.52388,179.19698,Funafuti,TV,medium_airport
Bonriki International Airport,TRW,NGTA,1.38164,173.147,South Tarawa,KI,large_airport
Niue International Airport,IUE,NIUE,-19.08011,-169.92349,Alofi,NU,medium_airport
Ninglang Luguhu Airport,NLH,NLH,27.5403,100.7593,Ninglang,CN,medium_airport
Hihifo Airport,WLS,NLWW,-13.23944,-176.19865,Wallis Island,WF,large_airport
Pokhara International Airport,PHH,NP-0003,28.1838,84.0147,Pokhara,NP,large_airport
Faleolo International Airport,APW,NSFA,-13.83,-172.008,Apia,WS,large_airport
Pago Pago International Airport,PPG,NSTU,-14.331,-170.71001,Pago Pago,AS,large_airport
Fa'a'ā International Airport,PPT,NTAA,-17.55347,-149.60694,Papeete,PF,large_airport
Rurutu Airport,RUR,NTAR,-22.4341,-151.36099,,PF,medium_airport
Tubuai Airport,TUB,NTAT,-23.3654,-149.524,,PF,medium_airport
Anaa Airport,AAA,NTGA,-17.3526,-145.51,Anaa,PF,medium_airport
Fangatau Airport,FGU,NTGB,-15.82004,-140.88807,Fangatau,PF,medium_airport
Tikehau Airport,TIH,NTGC,-15.1196,-148.231,Tuherahera,PF,medium_airport
Fakarava Airport,FAV,NTGF,-16.0541,-145.657,,PF,medium_airport
Manihi Airport,XMH,NTGI,-14.4368,-146.07001,,PF,medium_airport
Totegegie Airport,GMR,NTGJ,-23.0799,-134.89,,PF,medium_airport
Kaukura Airport,KKR,NTGK,-15.6633,-146.885,Raitahiti,PF,medium_airport
Makemo Airport,MKP,NTGM,-16.5839,-143.65801,Makemo,PF,medium_airport
Takapoto Airport,TKP,NTGT,-14.7095,-145.246,,PF,medium_airport
Arutua Airport,AXR,NTGU,-15.2483,-146.617,,PF,medium_airport
Mataiva Airport,MVT,NTGV,-14.8681,-148.717,,PF,medium_airport
Ahe Airport,AHE,NTHE,-14.4281,-146.257,Ahe Atoll,PF,medium_airport
Takaroa Airport,TKX,NTKR,-14.4558,-145.02499,,PF,medium_airport
Nuku Hiva Airport,NHV,NTMD,-8.7956,-140.229,Nuku Hiva,PF,medium_airport
Hiva Oa-Atuona Airport,AUQ,NTMN,-9.76879,-139.011,Hiva Oa Island,PF,medium_airport
Bora Bora Airport,BOB,NTTB,-16.4444,-151.75101,Motu Mute,PF,medium_airport
Rangiroa Airport,RGI,NTTG,-14.9543,-147.661,,PF,medium_airport
Huahine-Fare Airport,HUH,NTTH,-16.68708,-151.02159,Fare,PF,medium_airport
Moorea Temae Airport,MOZ,NTTM,-17.48979,-149.76178,Moorea-Maiao,PF,medium_airport
Hao Airport,HOI,NTTO,-18.0748,-140.946,Otepa,PF,medium_airport
Maupiti Airport,MAU,NTTP,-16.4265,-152.244,,PF,medium_airport
Raiatea Airport,RFP,NTTR,-16.7229,-151.466,Uturoa,PF,medium_airport
Santo Pekoa International Airport,SON,NVSS,-15.505,167.22,Luganville,VU,medium_airport
Bauerfield International Airport,VLI,NVVV,-17.6993,168.32001,Port Vila,VU,large_airport
Whitegrass Airport,TAH,NVVW,-19.4551,169.224,Tanna Island,VU,medium_airport
Tiga Airport,TGJ,NWWA,-21.09641,167.80379,Tiga,NC,medium_airport
Koné Airport,KNQ,NWWD,-21.05355,164.83877,Koné,NC,medium_airport
Île des Pins Airport,ILP,NWWE,-22.5889,167.45599,Île des Pins,NC,medium_airport
Lifou Airport,LIF,NWWL,-20.77456,167.23933,Lifou,NC,medium_airport
Nouméa Magenta Airport,GEA,NWWM,-22.25771,166.47282,Nouméa,NC,medium_airport
Maré Airport,MEE,NWWR,-21.48244,168.03847,Maré,NC,medium_airport
Touho Airport,TOU,NWWU,-20.79013,165.25952,Touho,NC,medium_airport
Ouvéa Airport,UVE,NWWV,-20.64093,166.57302,Ouvéa,NC,medium_airport
La Tontouta International Airport,NOU,NWWW,-22.0146,166.213,Nouméa (La Tontouta),NC,large_airport
Auckland International Airport,AKL,NZAA,-37.01199,174.78633,Auckland,NZ,large_airport
Taupo Airport,TUO,NZAP,-38.7397,176.084,Taupo,NZ,medium_airport
Christchurch International Airport,CHC,NZCH,-43.48903,172.53206,Christchurch,NZ,large_airport
Inia William Tuuta Memorial Airport,CHT,NZCI,-43.81189,-176.46514,Te One,NZ,medium_airport
Dunedin International Airport,DUD,NZDN,-45.92902,170.19776,Dunedin,NZ,medium_airport
Gisborne Airport,GIS,NZGS,-38.6633,177.978,Gisborne,NZ,medium_airport
Hokitika Airfield,HKK,NZHK,-42.7136,170.985,,NZ,medium_airport
Hamilton International Airport,HLZ,NZHN,-37.86696,175.33195,Hamilton,NZ,medium_airport
Kerikeri Airport,KKE,NZKK,-35.25915,173.91332,Kerikeri,NZ,medium_airport
Kaitaia Airport,KAT,NZKT,-35.06984,173.28705,Awanui,NZ,medium_airport
New Plymouth Airport,NPL,NZNP,-39.0086,174.179,New Plymouth,NZ,medium_airport
Hawke's Bay Airport,NPE,NZNR,-39.4658,176.86999,Napier,NZ,medium_airport
Nelson Airport,NSN,NZNS,-41.2983,173.22099,Nelson,NZ,medium_airport
Invercargill Airport,IVC,NZNV,-46.4124,168.313,Invercargill,NZ,medium_airport
Palmerston North Airport,PMR,NZPM,-40.3206,175.617,Palmerston North,NZ,medium_airport
Queenstown Airport,ZQN,NZQN,-45.0192,168.74638,Queenstown,NZ,large_airport
Rotorua Regional Airport,ROT,NZRO,-38.1092,176.317,Rotorua,NZ,medium_airport
Tauranga Airport,TRG,NZTG,-37.6719,176.196,Tauranga,NZ,medium_airport
Timaru Airport,TIU,NZTU,-44.3028,171.22501,,NZ,medium_airport
Woodbourne Airport,BHE,NZWB,-41.5183,173.87,Blenheim,NZ,medium_airport
Wanaka Airport,WKA,NZWF,-44.72209,169.24629,Wanaka,NZ,medium_airport
Whakatāne Airport,WHK,NZWK,-37.92222,176.91696,Whakatāne,NZ,medium_airport
Wellington International Airport,WLG,NZWN,-41.32684,174.80686,Wellington,NZ,large_airport
Whangarei Airport,WRE,NZWR,-35.76925,174.36371,Whangarei,NZ,medium_airport
Westport Airport,WSZ,NZWS,-41.73711,171.57903,Westport,NZ,medium_airport
Wanganui Airport,WAG,NZWU,-39.96347,175.02444,Wanganui,NZ,medium_airport
Herat - Khwaja Abdullah Ansari International Airport,HEA,OAHR,34.21,62.2283,Guzara,AF,large_airport
Kabul International Airport,KBL,OAKB,34.5659,69.2123,Kabul,AF,large_airport
Ahmad Shah Baba International Airport,KDH,OAKN,31.50577,65.84796,Kandahar,AF,large_airport
Khost International Airport,KHT,OAKS,33.2846,69.80734,Khost,AF,medium_airport
Maymana Zahiraddin Faryabi Airport,MMZ,OAMN,35.9308,64.7609,Maymana,AF,medium_airport
Mazar-i-Sharif International Airport,MZR,OAMS,36.70412,67.21046,Mazar-i-Sharif,AF,large_airport
Bahrain International Airport,BAH,OBBI,26.2673,50.63764,Manama,BH,large_airport
Corisco International Airport,OCS,OCS,0.91094,9.33027,Corisco Island,GQ,large_airport
Abha International Airport,AHB,OEAB,18.2404,42.6566,Abha,SA,large_airport
Al-Ahsa International Airport,HOF,OEAH,25.2853,49.4852,Hofuf,SA,large_airport
Al-Ula International Airport,ULH,OEAO,26.48363,38.11705,Al-Ula,SA,large_airport
King Saud Bin Abdulaziz (Al Baha) Airport,ABT,OEBA,20.29851,41.63615,Al-Baha,SA,medium_airport
Bisha Airport,BHH,OEBH,19.9844,42.6209,Bisha,SA,medium_airport
King Fahd International Airport,DMM,OEDF,26.4691,49.79821,Ad Dammam,SA,large_airport
Dawadmi Domestic Airport,DWD,OEDM,24.4499,44.1212,Dawadmi,SA,medium_airport
Jizan Regional Airport / King Abdullah bin Abdulaziz Airport,GIZ,OEGN,16.9011,42.5858,Jizan,SA,medium_airport
Prince Naif bin Abdulaziz International Airport,ELQ,OEGS,26.3028,43.7744,Qassim,SA,large_airport
Gurayat Domestic Airport,URY,OEGT,31.41241,37.2789,Gurayat,SA,medium_airport
Hail International Airport,HAS,OEHL,27.4379,41.6863,Hail,SA,large_airport
King Abdulaziz International Airport,JED,OEJN,21.68024,39.15744,Jeddah,SA,large_airport
King Khaled Military City Airport,KMC,OEKK,27.9009,45.5282,King Khaled Military City,SA,medium_airport
Prince Mohammad Bin Abdulaziz Airport,MED,OEMA,24.5534,39.7051,Medina,SA,large_airport
Najran Domestic Airport,EAM,OENG,17.6114,44.4192,Najran,SA,medium_airport
Neom Bay Airport,NUM,OENN,27.92426,35.29358,Sharma,SA,large_airport
Qaisumah–Hafar Al-Batin International Airport,AQI,OEPA,28.33573,46.12711,Qaisumah,SA,large_airport
Rafha Domestic Airport,RAH,OERF,29.6264,43.4906,Rafha,SA,medium_airport
King Khalid International Airport,RUH,OERK,24.9576,46.6988,Riyadh,SA,large_airport
Arar Domestic Airport,RAE,OERR,30.9066,41.1382,Arar,SA,medium_airport
Sharurah Domestic Airport,SHW,OESH,17.4669,47.1214,Sharurah,SA,medium_airport
Al-Jawf International Airport,AJF,OESK,29.7833,40.1009,Al-Jawf,SA,large_airport
Prince Sultan bin Abdulaziz International Airport,TUU,OETB,28.3711,36.62486,Tabuk,SA,large_airport
Taif International Airport,TIF,OETF,21.48474,40.54407,Taif,SA,large_airport
Turaif Domestic Airport,TUI,OETR,31.69219,38.73154,Turaif,SA,medium_airport
Wadi Al Dawasir Domestic Airport,WAE,OEWD,20.5043,45.1996,Wadi Al Dawasir,SA,medium_airport
Al Wajh Domestic Airport,EJH,OEWJ,26.1986,36.4764,Al Wajh,SA,medium_airport
Prince Abdulmohsen Bin Abdulaziz International Airport,YNB,OEYN,24.1442,38.0634,Yanbu,SA,large_airport
Abadan Ayatollah Jami International Airport,ABD,OIAA,30.36789,48.23007,Abadan,IR,large_airport
Dezful Airport,DEF,OIAD,32.4344,48.3976,Dezful,IR,medium_airport
Gachsaran Airport,GCH,OIAH,30.33387,50.8338,Gachsaran,IR,medium_airport
Mahshahr Airport,MRX,OIAM,30.5562,49.1519,Mahshahr,IR,medium_airport
Qasem Soleimani International Airport,AWZ,OIAW,31.3364,48.76379,Ahvaz,IR,large_airport
Abu Musa Island Airport,AEU,OIBA,25.8757,55.033,Abu Musa,IR,medium_airport
Bushehr Airport,BUZ,OIBB,28.9448,50.8346,Bushehr,IR,medium_airport
Kish International Airport,KIH,OIBK,26.52543,53.98046,Kish Island,IR,large_airport
Bandar Lengeh International Airport,BDH,OIBL,26.53228,54.82484,Bandar Lengeh,IR,medium_airport
Persian Gulf International Airport,PGU,OIBP,27.3796,52.7377,Khiyaroo,IR,medium_airport
Khark Airport,KHK,OIBQ,29.2605,50.32219,Khark,IR,medium_airport
Shahid Ashrafi Esfahani Airport,KSH,OICC,34.3459,47.1581,Kermanshah,IR,medium_airport
Khoram Abad Airport,KHD,OICK,33.4354,48.2829,,IR,medium_airport
Sanandaj Airport,SDG,OICS,35.2459,47.0092,,IR,medium_airport
Kashan Airport,KKS,OIFK,33.8953,51.577,Kashan,IR,medium_airport
Isfahan Shahid Beheshti International Airport,IFN,OIFM,32.75514,51.88388,Isfahan,IR,large_airport
Sardar-e-Jangal Airport,RAS,OIGG,37.32333,49.61778,Rasht,IR,medium_airport
Hamadan Airport,HDM,OIHH,34.86642,48.56069,Hamadan,IR,medium_airport
Imam Khomeini International Airport,IKA,OIIE,35.4161,51.1522,Tehran,IR,large_airport
Mehrabad International Airport,THR,OIII,35.68917,51.31439,Tehran,IR,large_airport
Payam International Airport,PYK,OIIP,35.7761,50.8267,Karaj,IR,large_airport
Bandar Abbas International Airport,BND,OIKB,27.2183,56.3778,Bandar Abbas,IR,large_airport
Ayatollah Hashemi Rafsanjani International Airport,KER,OIKK,30.27128,56.94969,Kerman,IR,large_airport
Bam Airport,BXR,OIKM,29.0842,58.45,Bam,IR,medium_airport
Qeshm International Airport,GSM,OIKQ,26.75464,55.90235,Qeshm(Dayrestan),IR,large_airport
Rafsanjan Airport,RJN,OIKR,30.29835,56.04898,Rafsanjan,IR,medium_airport
Birjand International Airport,XBJ,OIMB,32.89652,59.28126,Birjand,IR,large_airport
Mashhad International Airport,MHD,OIMM,36.23482,59.64295,Mashhad,IR,large_airport
Bojnord Airport,BJB,OIMN,37.493,57.3082,Bojnord,IR,medium_airport
Sabzevar National Airport,AFZ,OIMS,36.1681,57.5952,Sabzevar,IR,medium_airport
Nowshahr Airport,NSH,OINN,36.66429,51.46273,Nowshahr,IR,medium_airport
Ramsar Airport,RZR,OINR,36.90701,50.68732,Ramsar,IR,medium_airport
Sari Dasht-e Naz International Airport,SRY,OINZ,36.64441,53.18876,Sari,IR,medium_airport
Lar Airport,LRR,OISL,27.6747,54.3833,Lar,IR,medium_airport
Lamerd Airport,LFM,OISR,27.3727,53.1888,Lamerd,IR,medium_airport
Shiraz Shahid Dastghaib International Airport,SYZ,OISS,29.5392,52.5898,Shiraz,IR,large_airport
Ardabil Airport,ADU,OITL,38.3257,48.4244,Ardabil,IR,medium_airport
Urmia Airport,OMH,OITR,37.6681,45.0687,Urmia,IR,medium_airport
Tabriz International Airport,TBZ,OITT,38.1339,46.235,Tabriz,IR,large_airport
Shahid Sadooghi Airport,AZD,OIYY,31.9049,54.2765,Yazd,IR,medium_airport
Chabahar Konarak International Airport,ZBR,OIZC,25.44319,60.38217,Konarak,IR,medium_airport
Zahedan International Airport,ZAH,OIZH,29.4757,60.9062,Zahedan,IR,large_airport
Queen Alia International Airport,AMM,OJAI,31.7226,35.9932,Amman,JO,large_airport
Marka International (Amman Civil) Airport,ADJ,OJAM,31.9727,35.9916,Amman,JO,large_airport
King Hussein International Airport,AQJ,OJAQ,29.6116,35.0181,Aqaba,JO,large_airport
Kuwait International Airport,KWI,OKKK,29.22449,47.96981,Kuwait City,KW,large_airport
Beirut Rafic Hariri International Airport,BEY,OLBA,33.81983,35.48744,Beirut,LB,large_airport
Duqm International Airport,DQM,OM-0003,19.50194,57.63417,Duqm,OM,large_airport
Zayed International Airport,AUH,OMAA,24.44097,54.64924,Abu Dhabi,AE,large_airport
Al Ain International Airport,AAN,OMAL,24.2617,55.6092,Al Ain,AE,large_airport
Dubai International Airport,DXB,OMDB,25.24979,55.37099,Dubai,AE,large_airport
Al Maktoum International Airport,DWC,OMDW,24.89617,55.16235,Dubai(Jebel Ali),AE,large_airport
Fujairah International Airport,FJR,OMFJ,25.10841,56.32806,Fujairah,AE,large_airport
Ras Al Khaimah International Airport,RKT,OMRK,25.6135,55.9388,Ras Al Khaimah,AE,large_airport
Sharjah International Airport,SHJ,OMSJ,25.3286,55.5172,Sharjah,AE,large_airport
Khasab Airport,KHS,OOKB,26.171,56.2406,Khasab,OM,medium_airport
Muscat International Airport,MCT,OOMS,23.60022,58.28527,Muscat/Seeb,OM,large_airport
Salalah International Airport,SLL,OOSA,17.0387,54.0913,Salalah,OM,large_airport
Suhar International Airport,OHS,OOSH,24.38604,56.62541,Suhar,OM,large_airport
Bahawalpur Airport,BHV,OPBW,29.3481,71.718,Bahawalpur,PK,medium_airport
Chitral Airport,CJL,OPCH,35.88621,71.79992,Chitral,PK,medium_airport
Dera Ghazi Khan Airport,DEA,OPDG,29.961,70.4859,Dera Ghazi Khan,PK,medium_airport
Faisalabad International Airport,LYP,OPFA,31.36492,72.99532,Faisalabad,PK,large_airport
New Gwadar International Airport,GWD,OPGD,25.29673,62.49882,Gurandani,PK,large_airport
Gilgit Airport,GIL,OPGT,35.9188,74.3336,Gilgit,PK,medium_airport
Islamabad International Airport,ISB,OPIS,33.549,72.82566,Attock,PK,large_airport
Jinnah International Airport,KHI,OPKC,24.9065,67.1608,Karachi,PK,large_airport
Allama Iqbal International Airport,LHE,OPLA,31.5216,74.4036,Lahore,PK,large_airport
Multan International Airport,MUX,OPMT,30.2032,71.4191,Multan,PK,large_airport
Shaheed Benazirabad Airport,WNS,OPNH,26.2194,68.3901,Nawabashah,PK,medium_airport
Bacha Khan International Airport,PEW,OPPS,33.9939,71.5146,Peshawar,PK,large_airport
Quetta International Airport,UET,OPQT,30.2514,66.9378,Quetta,PK,large_airport
Shaikh Zaid Airport,RYK,OPRK,28.3839,70.2796,Rahim Yar Khan,PK,medium_airport
Skardu International Airport,KDU,OPSD,35.33866,75.53865,Skardu,PK,large_airport
Begum Nusrat Bhutto International Airport Sukkur,SKZ,OPSK,27.722,68.7917,Sukkur,PK,medium_airport
Sialkot International Airport,SKT,OPST,32.53594,74.36462,Sialkot,PK,large_airport
Turbat International Airport,TUK,OPTU,25.98477,63.02886,Turbat,PK,large_airport
Zhob Airport,PZH,OPZB,31.3584,69.4636,Fort Sandeman,PK,medium_airport
Baghdad International Airport / New Al Muthana Air Base,BGW,ORBI,33.2625,44.2346,Baghdad,IQ,large_airport
Erbil International Airport,EBL,ORER,36.23605,43.94662,Arbil,IQ,large_airport
Kirkuk International Airport,KIK,ORKK,35.4695,44.3489,Kirkuk,IQ,large_airport
Basra International Airport,BSR,ORMM,30.5491,47.6621,Basra,IQ,large_airport
Al Najaf International Airport,NJF,ORNI,31.99112,44.40502,Najaf,IQ,large_airport
Jalal Talabani International Airport,ISU,ORSU,35.56049,45.31514,Sulaymaniyah,IQ,medium_airport
Aleppo International Airport,ALP,OSAP,36.18126,37.22687,Aleppo,SY,large_airport
Damascus International Airport,DAM,OSDI,33.4115,36.5156,Damascus,SY,large_airport
Qamishli International Airport,KAC,OSKL,37.0206,41.1914,Qamishli,SY,medium_airport
Latakia International Airport,LTK,OSLK,35.4011,35.9487,Latakia,SY,medium_airport
Doha International Airport,DIA,OTBD,25.25943,51.56553,Doha,QA,large_airport
Hamad International Airport,DOH,OTHH,25.27306,51.60806,Doha,QA,large_airport
Aden International Airport,ADE,OYAA,12.82956,45.02998,Aden,YE,large_airport
Al Ghaydah International Airport,AAY,OYGD,16.19334,52.17419,Al Ghaydah,YE,medium_airport
Riyan International Airport,RIY,OYRN,14.66224,49.37529,Mukalla(Riyan),YE,large_airport
Sanaa International Airport,SAH,OYSN,15.4763,44.2197,Sanaa,YE,large_airport
Socotra Airport,SCT,OYSQ,12.63209,53.90617,Mori,YE,medium_airport
Seiyun Hadhramaut International Airport,GXF,OYSY,15.96589,48.78815,Seiyun,YE,large_airport
Taiz International Airport,TAI,OYTZ,13.686,44.1391,Taiz,YE,medium_airport
Barter Island Long Range Radar Station Airport,BTI,PABA,70.134,-143.582,Barter Island,US,medium_airport
Bethel Airport,BET,PABE,60.7798,-161.838,Bethel,US,medium_airport
Wiley Post Will Rogers Memorial Airport,BRW,PABR,71.2854,-156.76601,Utqiaġvik,US,medium_airport
Cold Bay Airport,CDB,PACD,55.20787,-162.72503,Cold Bay,US,medium_airport
Merle K (Mudhole) Smith Airport,CDV,PACV,60.4918,-145.478,Cordova,US,medium_airport
Deering Airport,DRG,PADE,66.0689,-162.76691,Deering,US,medium_airport
Adak Airport,ADK,PADK,51.88356,-176.64278,Adak,US,medium_airport
Dillingham Airport,DLG,PADL,59.0447,-158.505,Dillingham,US,medium_airport
Kodiak Airport,ADQ,PADQ,57.75,-152.494,Kodiak,US,medium_airport
Tom Madsen (Dutch Harbor) Airport,DUT,PADU,53.89881,-166.545,Unalaska,US,medium_airport
Emmonak Airport,EMK,PAEM,62.7861,-164.491,Emmonak,US,medium_airport
Kenai Municipal Airport,ENA,PAEN,60.57095,-151.24517,Kenai,US,medium_airport
Fairbanks International Airport,FAI,PAFA,64.8151,-147.856,Fairbanks,US,medium_airport
Ambler Airport,ABL,PAFM,67.10553,-157.85534,Ambler,US,medium_airport
Edward G. Pitka Sr Airport,GAL,PAGA,64.7362,-156.937,Galena,US,medium_airport
Gulkana Airport,GKN,PAGK,62.15586,-145.45466,Gulkana,US,medium_airport
Gambell Airport,GAM,PAGM,63.76769,-171.7333,Gambell,US,medium_airport
Gustavus Airport,GST,PAGS,58.4253,-135.707,Gustavus,US,medium_airport
Holy Cross Airport,HCR,PAHC,62.1883,-159.77499,Holy Cross,US,medium_airport
Huslia Airport,HSL,PAHL,65.6979,-156.351,Huslia,US,medium_airport
Haines Airport,HNS,PAHN,59.24392,-135.52392,Haines,US,medium_airport
Homer Airport,HOM,PAHO,59.64446,-151.47923,Homer,US,medium_airport
Egegik Airport,EGX,PAII,58.18439,-157.37487,Egegik,US,medium_airport
Bob Baker Memorial Airport,IAN,PAIK,66.97613,-160.43901,Kiana,US,medium_airport
Iliamna Airport,ILI,PAIL,59.7544,-154.911,Iliamna,US,medium_airport
Indian Mountain LRRS Airport,UTO,PAIM,65.9928,-153.70399,Utopia Creek,US,medium_airport
Juneau International Airport,JNU,PAJN,58.35493,-134.57442,Juneau,US,medium_airport
King Salmon Airport,AKN,PAKN,58.67784,-156.65196,King Salmon,US,medium_airport
Anaktuvuk Pass Airport,AKP,PAKP,68.1336,-151.743,Anaktuvuk Pass,US,medium_airport
Ketchikan International Airport,KTN,PAKT,55.3556,-131.714,Ketchikan,US,medium_airport
Klawock Airport,KLW,PAKW,55.5792,-133.076,Klawock,US,medium_airport
Cape Lisburne LRRS Airport,LUR,PALU,68.8751,-166.11,Cape Lisburne,US,medium_airport
McGrath Airport,MCG,PAMC,62.9529,-155.606,McGrath,US,medium_airport
Merrill Field,MRI,PAMR,61.21279,-149.84399,Anchorage,US,medium_airport
Mekoryuk Airport,MYU,PAMY,60.37234,-166.26975,Mekoryuk,US,medium_airport
Ted Stevens Anchorage International Airport,ANC,PANC,61.179,-149.99256,Anchorage,US,large_airport
Aniak Airport,ANI,PANI,61.5816,-159.543,Aniak,US,medium_airport
Anvik Airport,ANV,PANV,62.6467,-160.19099,Anvik,US,medium_airport
Nome Airport,OME,PAOM,64.5122,-165.44501,Nome,US,medium_airport
Northway Airport,ORT,PAOR,62.9613,-141.929,Northway,US,medium_airport
Ralph Wien Memorial Airport,OTZ,PAOT,66.8847,-162.599,Kotzebue,US,medium_airport
St George Airport,STG,PAPB,56.57735,-169.66382,St George,US,medium_airport
Petersburg James A Johnson Airport,PSG,PAPG,56.8017,-132.94501,Petersburg,US,medium_airport
Port Heiden Airport,PTH,PAPH,56.95789,-158.63022,Port Heiden,US,medium_airport
Platinum Airport,PTU,PAPM,59.01767,-161.82793,Platinum,US,medium_airport
Nuiqsut Airport,NUI,PAQT,70.21,-151.006,Nuiqsut,US,medium_airport
Arctic Village Airport,ARC,PARC,68.1147,-145.57899,Arctic Village,US,medium_airport
Ruby Airport,RBY,PARY,64.7272,-155.47,Ruby,US,medium_airport
Savoonga Airport,SVA,PASA,63.6864,-170.493,Savoonga,US,medium_airport
Deadhorse Airport,SCC,PASC,70.1947,-148.465,Deadhorse,US,medium_airport
Sand Point Airport,SDP,PASD,55.31391,-160.5221,Sand Point,US,medium_airport
Sitka Rocky Gutierrez Airport,SIT,PASI,57.0471,-135.362,Sitka,US,medium_airport
St Paul Island Airport,SNP,PASN,57.16631,-170.22255,St Paul Island,US,medium_airport
Atqasuk Edward Burnell Sr Memorial Airport,ATK,PATQ,70.46704,-157.43601,Atqasuk,US,medium_airport
Unalakleet Airport,UNK,PAUN,63.8884,-160.799,Unalakleet,US,medium_airport
Valdez Pioneer Field,VDZ,PAVD,61.13271,-146.24657,Valdez,US,medium_airport
Wrangell Airport,WRG,PAWG,56.4843,-132.37,Wrangell,US,medium_airport
Wainwright Airport,AIN,PAWI,70.638,-159.99499,Wainwright,US,medium_airport
Yakutat Airport,YAK,PAYA,59.50872,-139.66044,Yakutat,US,medium_airport
Fort Yukon Airport,FYU,PFYU,66.57165,-145.24999,Fort Yukon,US,medium_airport
Rota International Airport,ROP,PGRO,14.17327,145.2411,Rota Island,MP,large_airport
Saipan International Airport,SPN,PGSN,15.11938,145.72885,"I Fadang, Saipan",MP,medium_airport
Antonio B. Won Pat International Airport,GUM,PGUM,13.485,144.79728,Hagåtña,GU,large_airport
Francisco Manglona Borja / Tinian International Airport,TIQ,PGWT,14.99921,145.61936,Tinian Island,MP,medium_airport
Hana Airport,HNM,PHHN,20.7956,-156.01401,Hana,US,medium_airport
Kapalua Airport,JHM,PHJH,20.9629,-156.673,Lahaina,US,medium_airport
Ellison Onizuka Kona International Airport at Keāhole,KOA,PHKO,19.73878,-156.0456,Kailua-Kona,US,large_airport
Lihue Airport,LIH,PHLI,21.97439,-159.33715,"Lihue, Kauai",US,large_airport
Molokai Airport,MKK,PHMK,21.1529,-157.09599,Kaunakakai,US,medium_airport
Waimea Kohala Airport,MUE,PHMU,20.0013,-155.668,Waimea (Kamuela),US,medium_airport
Daniel K. Inouye International Airport,HNL,PHNL,21.31839,-157.92567,"Honolulu, Oahu",US,large_airport
Lanai Airport,LNY,PHNY,20.78568,-156.95132,Lanai City,US,medium_airport
Kahului International Airport,OGG,PHOG,20.89626,-156.43184,Kahului,US,large_airport
Hilo International Airport,ITO,PHTO,19.72135,-155.04543,Hilo,US,medium_airport
Marshall Islands International Airport,MAJ,PKMJ,7.06511,171.27166,Majuro Atoll,MH,large_airport
Bucholz Army Air Field,KWA,PKWA,8.72012,167.73199,Kwajalein,MH,medium_airport
Cassidy International Airport,CXI,PLCH,1.98628,-157.35001,Kiritimati,KI,large_airport
Point Lay LRRS Airport,PIZ,PPIZ,69.7329,-163.00501,Point Lay,US,medium_airport
Chuuk International Airport,TKK,PTKK,7.46187,151.843,Weno Island,FM,large_airport
Pohnpei International Airport,PNI,PTPN,6.98508,158.20992,Pohnpei Island,FM,medium_airport
Roman Tmetuchl International Airport,ROR,PTRO,7.36697,134.54408,Babelthuap Island,PW,large_airport
Kosrae International Airport,KSA,PTSA,5.35698,162.95799,Okat,FM,large_airport
Yap International Airport,YAP,PTYA,9.49891,138.08299,Yap Island,FM,large_airport
Wake Island Airfield,AWK,PWAK,19.28244,166.63664,Wake Island,UM,medium_airport
Kinmen Airport,KNH,RCBS,24.4279,118.359,Shang-I,TW,medium_airport
Matsu Nangan Airport,LZN,RCFG,26.15966,119.95838,Matsu (Nangan),TW,medium_airport
Taitung Airport,TTT,RCFN,22.75486,121.10179,Taitung City,TW,medium_airport
Kaohsiung International Airport,KHH,RCKH,22.5771,120.35,Kaohsiung (Xiaogang),TW,large_airport
Chiayi Airport,CYI,RCKU,23.46258,120.39054,Shuishang,TW,medium_airport
Lanyu Airport,KYD,RCLY,22.027,121.535,Orchid Island,TW,medium_airport
Taichung International Airport / Ching Chuang Kang Air Base,RMQ,RCMQ,24.2647,120.621,Taichung (Qingshui),TW,large_airport
Matsu Beigan Airport,MFK,RCMT,26.22414,120.00268,Matsu (Beigan),TW,medium_airport
Tainan International Airport / Tainan Air Base,TNN,RCNN,22.9504,120.206,Tainan (Rende),TW,large_airport
Penghu Magong Airport,MZG,RCQC,23.5687,119.628,Huxi,TW,large_airport
Pingtung Air Force Base North,,RCSQ,22.7002,120.482,Pingtung,TW,medium_airport
Taipei Songshan International Airport,TSA,RCSS,25.06724,121.55282,Taipei (Songshan),TW,large_airport
Taiwan Taoyuan International Airport,TPE,RCTP,25.0777,121.233,Taoyuan,TW,large_airport
Hualien Chiashan Airport,HUN,RCYU,24.02316,121.61799,Hualien City,TW,large_airport
Narita International Airport,NRT,RJAA,35.76858,140.38871,Narita,JP,large_airport
Shinshu-Matsumoto Airport,MMJ,RJAF,36.1668,137.923,Matsumoto,JP,medium_airport
Ibaraki Airport,IBR,RJAH,36.18146,140.41443,Omitama,JP,large_airport
Kansai International Airport,KIX,RJBB,34.4273,135.244,Osaka,JP,large_airport
Nanki Shirahama Airport,SHM,RJBD,33.6622,135.364,Shirahama,JP,medium_airport
Kobe Airport,UKB,RJBE,34.6328,135.224,Kobe,JP,large_airport
Konotori Tajima Airport,TJH,RJBT,35.5128,134.787,Toyooka,JP,medium_airport
Tokachi-Obihiro Airport,OBO,RJCB,42.7333,143.217,Obihiro,JP,medium_airport
New Chitose Airport,CTS,RJCC,42.77475,141.69041,Sapporo,JP,large_airport
Hakodate Airport,HKD,RJCH,41.77,140.82201,Hakodate,JP,large_airport
Kushiro Airport,KUH,RJCK,43.041,144.19299,Kushiro,JP,medium_airport
Memanbetsu Airport,MMB,RJCM,43.8806,144.164,Ōzora,JP,medium_airport
Nakashibetsu Airport,SHB,RJCN,43.5775,144.96001,Nakashibetsu,JP,medium_airport
Sapporo Okadama Airport,OKD,RJCO,43.11745,141.38134,Sapporo,JP,medium_airport
Wakkanai Airport,WKJ,RJCW,45.4042,141.80099,Wakkanai,JP,medium_airport
Amakusa Airport,AXJ,RJDA,32.4825,130.159,Amakusa,JP,medium_airport
Iki Airport,IKI,RJDB,33.749,129.785,Iki,JP,medium_airport
Yamaguchi Ube Airport,UBJ,RJDC,33.93,131.27901,Ube,JP,medium_airport
Tsushima Airport,TSJ,RJDT,34.2849,129.33099,Tsushima,JP,medium_airport
Monbetsu Airport,MBE,RJEB,44.3039,143.40401,Monbetsu,JP,medium_airport
Asahikawa Airport,AKJ,RJEC,43.6708,142.44701,Higashikagura,JP,medium_airport
Okushiri Airport,OIR,RJEO,42.0717,139.433,Okushiri Island,JP,medium_airport
Rishiri Airport,RIS,RJER,45.242,141.186,Rishiri,JP,medium_airport
Yakushima Airport,KUM,RJFC,30.3856,130.659,Yakushima,JP,medium_airport
Fukue Airport,FUJ,RJFE,32.6663,128.83299,Goto,JP,medium_airport
Fukuoka Airport,FUK,RJFF,33.5859,130.451,Fukuoka,JP,large_airport
New Tanegashima Airport,TNE,RJFG,30.6051,130.991,Tanegashima,JP,medium_airport
Kagoshima Airport,KOJ,RJFK,31.8034,130.71899,Kagoshima,JP,large_airport
Miyazaki Airport,KMI,RJFM,31.8772,131.449,Miyazaki,JP,large_airport
Oita Airport,OIT,RJFO,33.4794,131.737,Oita,JP,medium_airport
Kitakyushu Airport,KKJ,RJFR,33.8459,131.035,Kitakyushu,JP,large_airport
Kyushu Saga International Airport,HSG,RJFS,33.1497,130.302,Saga,JP,large_airport
Kumamoto Airport,KMJ,RJFT,32.8373,130.855,Kumamoto,JP,large_airport
Nagasaki Airport,NGS,RJFU,32.9169,129.914,Nagasaki,JP,large_airport
Chubu Centrair International Airport,NGO,RJGG,34.8584,136.80499,Tokoname,JP,large_airport
Amami Airport,ASJ,RJKA,28.4306,129.713,Amami,JP,medium_airport
Okinoerabu Airport,OKE,RJKB,27.4316,128.70556,Wadomari,JP,medium_airport
Kikai Airport,KKX,RJKI,28.3213,129.92799,Kikai,JP,medium_airport
Tokunoshima Airport,TKN,RJKN,27.83638,128.88136,Amagi,JP,medium_airport
Nagoya Airport / JASDF Komaki Air Base,NKM,RJNA,35.25576,136.92409,Nagoya,JP,medium_airport
Komatsu Airport / JASDF Komatsu Air Base,KMQ,RJNK,36.39341,136.40689,Kanazawa,JP,large_airport
Oki Global Geopark Airport,OKI,RJNO,36.17839,133.32357,Okinoshima,JP,medium_airport
Mount Fuji Shizuoka Airport,FSZ,RJNS,34.79502,138.19098,Makinohara / Shimada,JP,large_airport
Toyama Kitokito Airport,TOY,RJNT,36.64842,137.18736,Toyama,JP,medium_airport
Noto Satoyama Airport,NTQ,RJNW,37.2931,136.96201,Wajima,JP,medium_airport
Hiroshima Airport,HIJ,RJOA,34.4361,132.91901,Hiroshima,JP,large_airport
Okayama Momotaro Airport,OKJ,RJOB,34.7569,133.855,Okayama,JP,large_airport
Izumo Enmusubi Airport,IZO,RJOC,35.4136,132.89,Izumo,JP,medium_airport
Yonago Kitaro Airport / JASDF Miho Air Base,YGJ,RJOH,35.4922,133.23599,Yonago,JP,medium_airport
Iwakuni Kintaikyo Airport,IWK,RJOI,34.14633,132.24724,Iwakuni,JP,medium_airport
Kochi Ryoma Airport,KCZ,RJOK,33.54522,133.67017,Nankoku,JP,large_airport
Matsuyama Airport,MYJ,RJOM,33.82689,132.70011,Matsuyama,JP,large_airport
Osaka Itami International Airport,ITM,RJOO,34.78085,135.44083,Osaka,JP,large_airport
Tottori Sand Dunes Conan Airport,TTJ,RJOR,35.53006,134.16502,Tottori,JP,medium_airport
Tokushima Awaodori Airport / JMSDF Tokushima Air Base,TKS,RJOS,34.13256,134.60782,Tokushima,JP,large_airport
Takamatsu Airport,TAK,RJOT,34.21496,134.01545,Takamatsu,JP,large_airport
Iwami Airport,IWJ,RJOW,34.6764,131.78999,Masuda,JP,medium_airport
Aomori Airport,AOJ,RJSA,40.73378,140.68948,Aomori,JP,large_airport
Yamagata Airport,GAJ,RJSC,38.4119,140.371,Higashine,JP,medium_airport
Sado Airport,SDS,RJSD,38.0602,138.414,Sado,JP,medium_airport
Fukushima Airport,FKS,RJSF,37.2274,140.431,Sukagawa,JP,medium_airport
Iwate Hanamaki Airport,HNA,RJSI,39.4286,141.135,Hanamaki,JP,medium_airport
Akita Airport,AXT,RJSK,39.6156,140.21899,Akita,JP,medium_airport
Misawa Airport / Misawa Air Base,MSJ,RJSM,40.7032,141.368,Misawa,JP,medium_airport
Niigata Airport,KIJ,RJSN,37.95417,139.11219,Niigata,JP,large_airport
Odate Noshiro Airport,ONJ,RJSR,40.1919,140.371,Kitaakita,JP,medium_airport
Sendai Airport,SDJ,RJSS,38.1397,140.91701,Natori,JP,large_airport
Shonai Airport,SYO,RJSY,38.8122,139.787,Shonai,JP,medium_airport
Chofu Airport,,RJTF,35.6717,139.528,Chofu,JP,medium_airport
Hachijojima Airport,HAC,RJTH,33.11484,139.78564,Hachijojima,JP,medium_airport
Oshima Airport,OIM,RJTO,34.782,139.36,Izu Oshima,JP,medium_airport
Miyakejima Airport,MYE,RJTQ,34.0736,139.56,Miyakejima,JP,medium_airport
Tokyo Haneda International Airport,HND,RJTT,35.54968,139.78696,Tokyo,JP,large_airport
Muan International Airport,MWX,RKJB,34.99141,126.38281,Muan (Piseo-ri),KR,large_airport
Gwangju Airport,KWJ,RKJJ,35.12317,126.80544,Gwangju,KR,medium_airport
Gunsan Airport / Gunsan Air Base,KUV,RKJK,35.9038,126.616,Gunsan,KR,medium_airport
Yeosu Airport,RSU,RKJY,34.8423,127.617,Yeosu,KR,medium_airport
Wonju Airport / Hoengseong Air Base (K-38/K-46),WJU,RKNW,37.43711,127.96005,Wonju,KR,medium_airport
Yangyang International Airport,YNY,RKNY,38.06048,128.66982,Gonghang-ro,KR,large_airport
Jeju International Airport,CJU,RKPC,33.51206,126.49255,Jeju City,KR,large_airport
Gimhae International Airport,PUS,RKPK,35.1795,128.938,Busan,KR,large_airport
Sacheon Airport / Sacheon Air Base,HIN,RKPS,35.08859,128.07175,Sacheon,KR,medium_airport
Ulsan Airport,USN,RKPU,35.5935,129.35201,Ulsan,KR,medium_airport
Incheon International Airport,ICN,RKSI,37.4691,126.451,Seoul,KR,large_airport
Seoul Gimpo International Airport,GMP,RKSS,37.5583,126.791,Seoul,KR,large_airport
Pohang Airport (G-815/K-3),KPO,RKTH,35.98795,129.42038,Pohang,KR,medium_airport
Daegu International Airport,TAE,RKTN,35.89439,128.65699,Daegu,KR,large_airport
Cheongju International Airport/Cheongju Air Base (K-59/G-513),CJJ,RKTU,36.71556,127.50029,Cheongju,KR,large_airport
Naha International Airport,OKA,ROAH,26.19244,127.6398,Naha,JP,large_airport
New Ishigaki Airport,ISG,ROIG,24.39639,124.245,Ishigaki,JP,medium_airport
Kumejima Airport,UEO,ROKJ,26.36344,126.71384,Kumejima,JP,medium_airport
Minamidaito Airport,MMD,ROMD,25.8465,131.263,Minamidaito,JP,medium_airport
Miyako Airport,MMY,ROMY,24.7828,125.295,Miyakojima,JP,medium_airport
Kitadaito Airport,KTD,RORK,25.9447,131.327,Kitadaitōjima,JP,medium_airport
Shimojishima Airport,SHI,RORS,24.8267,125.145,Miyakojima,JP,medium_airport
Tarama Airport,TRA,RORT,24.65379,124.67545,Tarama,JP,medium_airport
Yoron Airport,RNJ,RORY,27.04385,128.40165,Yoron,JP,medium_airport
Yonaguni Airport,OGN,ROYN,24.4673,122.97983,Yonaguni,JP,medium_airport
Subic Bay International Airport / Naval Air Station Cubi Point,SFS,RPLB,14.79483,120.27188,Olongapo,PH,large_airport
Clark International Airport / Clark Air Base,CRK,RPLC,15.186,120.56,Mabalacat,PH,large_airport
Laoag International Airport,LAO,RPLI,18.17509,120.53101,Laoag City,PH,large_airport
Bicol International Airport,DRP,RPLK,13.11191,123.67683,Legazpi,PH,large_airport
Ninoy Aquino International Airport,MNL,RPLL,14.5086,121.02,Manila (Pasay),PH,large_airport
Itbayat Jorge Abad Airport,,RPLT,20.72252,121.80997,Itbayat,PH,medium_airport
Cotabato (Awang) Airport,CBO,RPMC,7.16475,124.20994,Datu Odin Sinsuat,PH,medium_airport
Francisco Bangoy International Airport,DVO,RPMD,7.12552,125.646,Davao,PH,large_airport
Bancasi Airport,BXU,RPME,8.9515,125.4788,Butuan,PH,medium_airport
Dipolog Airport,DPL,RPMG,8.60198,123.34188,Dipolog,PH,medium_airport
Camiguin Airport,CGM,RPMH,9.25389,124.70911,Mambajao,PH,medium_airport
Jolo Airport,JOL,RPMJ,6.05367,121.011,Jolo,PH,medium_airport
Sanga Sanga Airport,TWT,RPMN,5.0482,119.74334,Bongao,PH,medium_airport
Labo Airport,OZC,RPMO,8.17851,123.842,Ozamiz,PH,medium_airport
Pagadian Airport,PAG,RPMP,7.82563,123.45964,Pagadian,PH,medium_airport
General Santos International Airport,GES,RPMR,6.05721,125.09624,General Santos,PH,large_airport
Surigao Airport,SUG,RPMS,9.75584,125.48095,Surigao City,PH,medium_airport
Laguindingan International Airport,CGY,RPMY,8.6122,124.4565,Laguindingan,PH,large_airport
Zamboanga International Airport,ZAM,RPMZ,6.92242,122.06,Zamboanga,PH,large_airport
Bohol-Panglao International Airport,TAG,RPSP,9.57305,123.77014,Panglao,PH,large_airport
San Jose Airport,SJI,RPUH,12.3615,121.047,San Jose,PH,medium_airport
Naga Airport,WNP,RPUN,13.5849,123.27,Naga,PH,medium_airport
Basco Airport,BSO,RPUO,20.4513,121.98,Basco,PH,medium_airport
Tuguegarao Airport,TUG,RPUT,17.64337,121.73315,Tuguegarao City,PH,medium_airport
Virac Airport,VRC,RPUV,13.5764,124.206,Virac,PH,medium_airport
Cauayan Airport,CYZ,RPUY,16.9299,121.753,Cauayan City,PH,medium_airport
Daniel Z. Romualdez Airport,TAC,RPVA,11.22776,125.02778,Tacloban City,PH,medium_airport
Bacolod-Silay International Airport,BCD,RPVB,10.77624,123.01888,Bacolod City,PH,large_airport
Calbayog Airport,CYP,RPVC,12.07257,124.54508,Calbayog City,PH,medium_airport
Sibulan Airport,DGT,RPVD,9.33418,123.30191,Dumaguete City,PH,medium_airport
Godofredo P. Ramos Airport,MPH,RPVE,11.9245,121.954,Caticlan,PH,medium_airport
Catarman National Airport,CRM,RPVF,12.50161,124.63526,Catarman,PH,medium_airport
Iloilo International Airport,ILO,RPVI,10.83302,122.49336,Cabatuan,PH,large_airport
Moises R. Espinosa Airport,MBT,RPVJ,12.36968,123.63009,Masbate,PH,medium_airport
Kalibo International Airport,KLO,RPVK,11.6794,122.376,Kalibo,PH,large_airport
Mactan Cebu International Airport,CEB,RPVM,10.30926,123.97974,Cebu City/Lapu-Lapu City,PH,large_airport
Puerto Princesa International Airport / PAF Antonio Bautista Air Base,PPS,RPVP,9.74204,118.75911,Puerto Princesa,PH,large_airport
Roxas Airport,RXS,RPVR,11.5977,122.752,Roxas City,PH,medium_airport
Tugdan Airport,TBH,RPVU,12.311,122.085,Tablas Island,PH,medium_airport
Francisco B. Reyes (Busuanga) Airport,USU,RPVV,12.12186,120.1008,Coron,PH,medium_airport
Red Sea International Airport,RSI,RSI,25.62797,37.08891,Hanak,SA,large_airport
General Urquiza Airport,PRA,SAAP,-31.7948,-60.4804,Parana,AR,medium_airport
Rosario Islas Malvinas International Airport,ROS,SAAR,-32.9036,-60.785,Rosario,AR,large_airport
Sauce Viejo Airport,SFN,SAAV,-31.7117,-60.8117,Santa Fe,AR,medium_airport
Aeroparque Jorge Newbery,AEP,SABE,-34.55942,-58.41554,Buenos Aires,AR,large_airport
Ingeniero Aeronáutico Ambrosio L.V. Taravella International Airport,COR,SACO,-31.31235,-64.20833,Cordoba,AR,large_airport
Ezeiza International Airport - Ministro Pistarini,EZE,SAEZ,-34.8222,-58.5358,Buenos Aires (Ezeiza),AR,large_airport
Governor Francisco Gabrielli International Airport,MDZ,SAME,-32.8317,-68.7929,Mendoza,AR,large_airport
Suboficial Ay Santiago Germano Airport,AFA,SAMR,-34.5883,-68.4039,San Rafael,AR,medium_airport
Coronel Felipe Varela International Airport,CTC,SANC,-28.59312,-65.7512,Catamarca,AR,medium_airport
Vicecomodoro Angel D. La Paz Aragonés Airport,SDE,SANE,-27.76556,-64.31,Santiago del Estero,AR,medium_airport
Capitan V A Almonacid Airport,IRJ,SANL,-29.3816,-66.7958,La Rioja,AR,medium_airport
Termas de Río Hondo international Airport,RHD,SANR,-27.4966,-64.93595,Termas de Río Hondo,AR,medium_airport
Teniente Benjamín Matienzo International Airport,TUC,SANT,-26.8374,-65.1042,San Miguel de Tucumán,AR,large_airport
Domingo Faustino Sarmiento Airport,UAQ,SANU,-31.5715,-68.4182,San Juan,AR,medium_airport
Brigadier Mayor D Cesar Raul Ojeda Airport,LUQ,SAOU,-33.2732,-66.3564,San Luis,AR,medium_airport
Corrientes Airport,CNQ,SARC,-27.4455,-58.7619,Corrientes,AR,medium_airport
Resistencia International Airport,RES,SARE,-27.44991,-59.05613,Resistencia,AR,large_airport
Formosa National Airport,FMA,SARF,-26.2127,-58.2281,Formosa,AR,medium_airport
Cataratas Del Iguazú International Airport,IGR,SARI,-25.7373,-54.4734,Puerto Iguazu,AR,medium_airport
Libertador Gral D Jose De San Martin Airport,PSS,SARP,-27.3858,-55.9707,Posadas,AR,medium_airport
Martín Miguel de Güemes International Airport,SLA,SASA,-24.856,-65.4862,Salta,AR,large_airport
Gobernador Horacio Guzman International Airport,JUJ,SASJ,-24.3928,-65.0978,San Salvador de Jujuy,AR,large_airport
General Enrique Mosconi International Airport,CRD,SAVC,-45.78694,-67.46336,Comodoro Rivadavia,AR,large_airport
Esquel Brigadier Antonio Parodi International Airport,EQS,SAVE,-42.908,-71.1395,Esquel,AR,medium_airport
Las Heras Airport,LHS,SAVH,-46.53852,-68.96532,Las Heras,AR,medium_airport
Almirante Marco Andres Zar Airport,REL,SAVT,-43.2105,-65.2703,Rawson,AR,medium_airport
Gobernador Castello Airport,VDM,SAVV,-40.8692,-63.0004,Viedma / Carmen de Patagones,AR,medium_airport
El Tehuelche Airport,PMY,SAVY,-42.7592,-65.1027,Puerto Madryn,AR,medium_airport
El Calafate - Commander Armando Tola International Airport,FTE,SAWC,-50.28027,-72.0534,El Calafate,AR,medium_airport
Puerto Deseado Airport,PUD,SAWD,-47.7353,-65.9041,Puerto Deseado,AR,medium_airport
Gobernador Ramón Trejo Noel International Airport,RGA,SAWE,-53.7777,-67.7494,Rio Grande,AR,medium_airport
Piloto Civil Norberto Fernández International Airport,RGL,SAWG,-51.60879,-69.30895,Rio Gallegos,AR,large_airport
Ushuaia - Malvinas Argentinas International Airport,USH,SAWH,-54.8433,-68.2958,Ushuaia,AR,medium_airport
Perito Moreno Jalil Hamer Airport,PMQ,SAWP,-46.5379,-70.9787,Perito Moreno,AR,medium_airport
Comandante Espora Airport,BHI,SAZB,-38.725,-62.1693,Bahía Blanca,AR,medium_airport
Santa Teresita Airport,SST,SAZL,-36.5423,-56.7218,Santa Teresita,AR,medium_airport
Ástor Piazzola International Airport,MDQ,SAZM,-37.9342,-57.5733,Mar del Plata,AR,medium_airport
Presidente Perón International Airport,NQN,SAZN,-38.949,-68.1557,Neuquén,AR,large_airport
Necochea Airport,NEC,SAZO,-38.49075,-58.81634,Necochea,AR,medium_airport
Santa Rosa Airport,RSA,SAZR,-36.5883,-64.2757,Santa Rosa,AR,medium_airport
Teniente Luis Candelaria International Airport,BRC,SAZS,-41.1512,-71.1575,San Carlos de Bariloche,AR,large_airport
Aviador C. Campos Airport,CPC,SAZY,-40.0754,-71.1373,Chapelco/San Martin de los Andes,AR,medium_airport
Bauru/Arealva–Moussa Nakhal Tobias State Airport,JTC,SBAE,-22.16076,-49.07032,Bauru,BR,medium_airport
Araraquara Airport,AQA,SBAQ,-21.812,-48.133,Araraquara,BR,medium_airport
Aracaju - Santa Maria Airport,AJU,SBAR,-10.98394,-37.07287,Aracaju,BR,medium_airport
Piloto Osvaldo Marques Dias Airport,AFL,SBAT,-9.86639,-56.1063,Alta Floresta,BR,medium_airport
Araçatuba Airport,ARU,SBAU,-21.14148,-50.42457,Araçatuba,BR,medium_airport
Romeu Zema Airport,AAX,SBAX,-19.5632,-46.9604,Araxá,BR,medium_airport
Val de Cans/Júlio Cezar Ribeiro International Airport,BEL,SBBE,-1.37928,-48.47621,Belém,BR,large_airport
Presidente Juscelino Kubitschek International Airport,BSB,SBBR,-15.86917,-47.92083,Brasília,BR,large_airport
Atlas Brasil Cantanhede International Airport,BVB,SBBV,2.84615,-60.69065,Boa Vista,BR,large_airport
Coronel Adalberto Mendes da Silva Airport,CAC,SBCA,-25.00032,-53.50121,Cascavel,BR,medium_airport
Tancredo Neves International Airport,CNF,SBCF,-19.63571,-43.96693,Belo Horizonte,BR,large_airport
Campo Grande Airport,CGR,SBCG,-20.47,-54.67399,Campo Grande,BR,medium_airport
Serafin Enoss Bertaso Airport,XAP,SBCH,-27.1342,-52.6566,Chapecó,BR,medium_airport
Carajás Airport,CKS,SBCJ,-6.11784,-50.00337,Parauapebas,BR,medium_airport
Bartolomeu Lisandro Airport,CAW,SBCP,-21.6983,-41.3017,Campos dos Goytacazes,BR,medium_airport
Corumbá International Airport,CMG,SBCR,-19.01193,-57.67277,Corumbá,BR,medium_airport
Curitiba-Afonso Pena International Airport,CWB,SBCT,-25.5285,-49.1758,Curitiba,BR,large_airport
Hugo Cantergiani Regional Airport,CXJ,SBCX,-29.19718,-51.18765,Caxias Do Sul,BR,medium_airport
Várzea Grande–Marechal Rondon International Airport,CGB,SBCY,-15.6529,-56.1167,Cuiabá,BR,large_airport
Cruzeiro do Sul Airport,CZS,SBCZ,-7.59991,-72.7695,Cruzeiro Do Sul,BR,medium_airport
Presidente Prudente Airport,PPB,SBDN,-22.1751,-51.4246,Presidente Prudente,BR,medium_airport
Eduardo Gomes International Airport,MAO,SBEG,-3.03861,-60.0497,Manaus,BR,large_airport
Cataratas International Airport,IGU,SBFI,-25.59417,-54.48944,Foz do Iguaçu,BR,large_airport
Hercílio Luz International Airport,FLN,SBFL,-27.67028,-48.5525,Florianópolis,BR,large_airport
Fernando de Noronha Airport,FEN,SBFN,-3.85453,-32.42302,Fernando de Noronha,BR,medium_airport
Pinto Martins International Airport,FOR,SBFZ,-3.77583,-38.53222,Fortaleza,BR,large_airport
Rio Galeão – Tom Jobim International Airport,GIG,SBGL,-22.81,-43.25056,Rio De Janeiro,BR,large_airport
Santa Genoveva International Airport,GYN,SBGO,-16.632,-49.2207,Goiânia,BR,large_airport
São Paulo/Guarulhos–Governor André Franco Montoro International Airport,GRU,SBGR,-23.43127,-46.46995,São Paulo,BR,large_airport
Coronel Altino Machado Airport,GVR,SBGV,-18.89588,-41.98287,Governador Valadares,BR,medium_airport
Altamira Interstate Airport,ATM,SBHT,-3.25314,-52.25394,Altamira,BR,medium_airport
Itaituba Airport,ITB,SBIH,-4.24213,-56.00065,Itaituba,BR,medium_airport
Bahia - Jorge Amado Airport,IOS,SBIL,-14.81593,-39.03346,Ilhéus,BR,medium_airport
Usiminas Airport,IPN,SBIP,-19.4707,-42.4876,Ipatinga,BR,medium_airport
Prefeito Renato Moreira Airport,IMP,SBIZ,-5.53129,-47.46,Imperatriz,BR,medium_airport
Comandante Ariston Pessoa Airport,JJD,SBJE,-2.90643,-40.35734,Cruz,BR,medium_airport
Francisco de Assis Airport,JDF,SBJF,-21.79148,-43.38607,Juiz de Fora,BR,medium_airport
Presidente Castro Pinto International Airport,JPA,SBJP,-7.14869,-34.95055,João Pessoa,BR,large_airport
Jacarepaguá - Roberto Marinho Airport,RRJ,SBJR,-22.98677,-43.37219,Rio de Janeiro,BR,medium_airport
Lauro Carneiro de Loyola Airport,JOI,SBJV,-26.2245,-48.7974,Joinville,BR,medium_airport
Presidente João Suassuna Airport,CPV,SBKG,-7.26966,-35.89606,Campina Grande,BR,medium_airport
Viracopos International Airport,VCP,SBKP,-23.0074,-47.1345,Campinas,BR,large_airport
Lages Airport,LAJ,SBLJ,-27.7821,-50.2815,Lages,BR,medium_airport
Governor José Richa Airport,LDB,SBLO,-23.33438,-51.12837,Londrina,BR,medium_airport
João Correa da Rocha Airport,MAB,SBMA,-5.36859,-49.138,Marabá,BR,medium_airport
Regional de Maringá - Sílvio Name Júnior Airport,MGF,SBMG,-23.47606,-52.01619,Maringá,BR,medium_airport
Mário Ribeiro Airport,MOC,SBMK,-16.70692,-43.8189,Montes Claros,BR,medium_airport
Frank Miloye Milenkowichi–Marília State Airport,MII,SBML,-22.1969,-49.92648,Marília,BR,medium_airport
Zumbi dos Palmares International Airport,MCZ,SBMO,-9.51256,-35.79184,Maceió,BR,large_airport
Macapá - Alberto Alcolumbre International Airport,MCP,SBMQ,0.05066,-51.0722,Macapá,BR,medium_airport
Dix-Sept Rosado Airport,MVF,SBMS,-5.20192,-37.3643,Mossoró,BR,medium_airport
Manicoré Airport,MNX,SBMY,-5.81138,-61.2783,Manicoré,BR,medium_airport
Ministro Victor Konder International Airport,NVT,SBNF,-26.87943,-48.65098,Navegantes,BR,large_airport
Santo Ângelo Airport,GEL,SBNM,-28.2825,-54.16962,Santo Ângelo,BR,medium_airport
Porto Alegre-Salgado Filho International Airport,POA,SBPA,-29.99398,-51.16748,Porto Alegre,BR,large_airport
Parnaíba - Prefeito Doutor João Silva Filho International Airport,PHB,SBPB,-2.89375,-41.732,Parnaíba,BR,medium_airport
Lauro Kurtz Airport,PFB,SBPF,-28.24398,-52.32777,Passo Fundo,BR,medium_airport
Ponta Grossa Airport - Comandante Antonio Amilton Beraldo,PGZ,SBPG,-25.18448,-50.14382,Ponta Grossa,BR,medium_airport
Brigadeiro Lysias Rodrigues Airport,PMW,SBPJ,-10.2915,-48.357,Palmas,BR,medium_airport
João Simões Lopes Neto International Airport,PET,SBPK,-31.71719,-52.3278,Pelotas,BR,medium_airport
Senador Nilo Coelho Airport,PNZ,SBPL,-9.36242,-40.5691,Petrolina,BR,medium_airport
Ponta Porã Airport,PMG,SBPP,-22.5496,-55.7026,Ponta Porã,BR,medium_airport
Porto Seguro International Airport,BPS,SBPS,-16.43843,-39.08058,Porto Seguro,BR,large_airport
Governador Jorge Teixeira de Oliveira International Airport,PVH,SBPV,-8.70849,-63.90234,Porto Velho,BR,large_airport
Rio Branco-Plácido de Castro International Airport,RBR,SBRB,-9.86903,-67.89398,Rio Branco,BR,large_airport
Maestro Marinho Franco Airport,ROO,SBRD,-16.58429,-54.7248,Rondonópolis,BR,medium_airport
Recife/Guararapes - Gilberto Freyre International Airport,REC,SBRF,-8.12747,-34.92296,Recife,BR,large_airport
Santos Dumont Airport,SDU,SBRJ,-22.9104,-43.16282,Rio de Janeiro,BR,large_airport
Leite Lopes Airport,RAO,SBRP,-21.13431,-47.77405,Ribeirão Preto,BR,medium_airport
Rio Grande do Norte/São Gonçalo do Amarante–Governador Aluízio Alves International Airport,NAT,SBSG,-5.76982,-35.36661,Natal,BR,large_airport
Professor Urbano Ernesto Stumpf Airport,SJK,SBSJ,-23.2292,-45.8615,São José Dos Campos,BR,medium_airport
Marechal Cunha Machado International Airport,SLZ,SBSL,-2.58639,-44.23501,São Luís,BR,large_airport
Santa Maria Airport,RIA,SBSM,-29.7114,-53.6882,Santa Maria,BR,medium_airport
Santarém - Maestro Wilson Fonseca International Airport,STM,SBSN,-2.42242,-54.79306,Santarém,BR,medium_airport
Congonhas–Deputado Freitas Nobre Airport,CGH,SBSP,-23.62766,-46.6546,São Paulo,BR,large_airport
Prof. Eribelto Manoel Reino State Airport,SJP,SBSR,-20.81711,-49.40696,São José do Rio Preto,BR,medium_airport
Deputado Luiz Eduardo Magalhães International Airport,SSA,SBSV,-12.90861,-38.3225,Salvador,BR,large_airport
Trombetas Airport,TMT,SBTB,-1.4896,-56.3968,Oriximiná,BR,medium_airport
Senador Petrônio Portela Airport,THE,SBTE,-5.06025,-42.82371,Teresina,BR,medium_airport
Tefé Airport,TFF,SBTF,-3.38294,-64.7241,Tefé,BR,medium_airport
Tabatinga International Airport,TBT,SBTT,-4.25567,-69.9358,Tabatinga,BR,medium_airport
Tucuruí Airport,TUR,SBTU,-3.78601,-49.7203,Tucuruí,BR,medium_airport
São Gabriel da Cachoeira Airport,SJL,SBUA,-0.14835,-66.9855,São Gabriel da Cachoeira,BR,medium_airport
Paulo Afonso Airport,PAV,SBUF,-9.40088,-38.2506,Paulo Afonso,BR,medium_airport
Rubem Berta Airport,URG,SBUG,-29.7822,-57.0382,Uruguaiana,BR,medium_airport
Ten. Cel. Aviador César Bombonato Airport,UDI,SBUL,-18.88358,-48.22594,Uberlândia,BR,medium_airport
Mário de Almeida Franco Airport,UBA,SBUR,-19.76504,-47.9648,Uberaba,BR,medium_airport
Brigadeiro Camarão Airport,BVH,SBVH,-12.6944,-60.0983,Vilhena,BR,medium_airport
Eurico de Aguiar Salles International Airport,VIX,SBVT,-20.258,-40.285,Vitória,BR,large_airport
Presidente Itamar Franco Airport,IZA,SBZM,-21.51309,-43.17307,Juiz de Fora,BR,medium_airport
Chacalluta International Airport,ARI,SCAR,-18.3485,-70.3387,Arica,CL,medium_airport
Desierto de Atacama Airport,CPO,SCAT,-27.2612,-70.7792,Copiapo,CL,medium_airport
Balmaceda Airport,BBA,SCBA,-45.91597,-71.6895,Balmaceda,CL,medium_airport
El Loa Airport,CJC,SCCF,-22.4982,-68.9036,Calama,CL,medium_airport
President Carlos Ibáñez International Airport,PUQ,SCCI,-53.0026,-70.8546,Punta Arenas,CL,large_airport
Diego Aracena International Airport,IQQ,SCDA,-20.53627,-70.18137,Iquique,CL,large_airport
Comodoro Arturo Merino Benítez International Airport,SCL,SCEL,-33.393,-70.7858,Santiago,CL,large_airport
Ricardo García Posada Airport,ESR,SCES,-26.3111,-69.7652,El Salvador,CL,medium_airport
Andrés Sabella Gálvez International Airport,ANF,SCFA,-23.44527,-70.44523,Antofagasta,CL,large_airport
Carriel Sur International Airport,CCP,SCIE,-36.77235,-73.06283,Concepcion,CL,large_airport
Mataveri International Airport,IPC,SCIP,-27.16541,-109.42103,Isla De Pascua,CL,large_airport
Cañal Bajo Carlos Hott Siebert Airport,ZOS,SCJO,-40.6112,-73.061,Osorno,CL,medium_airport
Lieutenant Julio Gallardo Airport,PNT,SCNT,-51.67067,-72.52908,Puerto Natales,CL,medium_airport
La Araucanía International Airport,ZCO,SCQP,-38.9259,-72.6515,Temuco,CL,large_airport
La Florida Airport,LSC,SCSE,-29.9162,-71.1995,La Serena-Coquimbo,CL,medium_airport
El Tepual International Airport,PMC,SCTE,-41.44309,-73.09407,Puerto Montt,CL,large_airport
Pichoy Airport,ZAL,SCVD,-39.65,-73.0861,Valdivia,CL,medium_airport
Francisco De Orellana Airport,OCC,SECO,-0.46289,-76.9868,Coca,EC,medium_airport
Mariscal Lamar Airport,CUE,SECU,-2.88947,-78.9844,Cuenca,EC,medium_airport
Seymour Galapagos Ecological Airport,GPS,SEGS,-0.45376,-90.2659,Isla Baltra,EC,medium_airport
José Joaquín de Olmedo International Airport,GYE,SEGU,-2.15742,-79.8836,Guayaquil,EC,large_airport
Cotopaxi International Airport,LTX,SELT,-0.90683,-78.6158,Latacunga,EC,medium_airport
Coronel E Carvajal Airport,XMS,SEMC,-2.29917,-78.1208,Macas,EC,medium_airport
Eloy Alfaro International Airport,MEC,SEMT,-0.94608,-80.6788,Manta,EC,medium_airport
Mariscal Sucre International Airport,UIO,SEQM,-0.1254,-78.35431,Quito,EC,large_airport
Santa Rosa - Artillery Colonel Victor Larrea International Airport,ETR,SERO,-3.44199,-79.99696,Santa Rosa,EC,medium_airport
General Ulpiano Paez International Airport,SNC,SESA,-2.21006,-80.98507,Salinas/La Libertad,EC,large_airport
Carlos Concha Torres International Airport,ESM,SETN,0.97852,-79.6266,Tachina,EC,large_airport
Lieutenant Colonel Luis A. Mantilla International Airport,TUA,SETU,0.80951,-77.7081,Tulcán,EC,medium_airport
Silvio Pettirossi International Airport,ASU,SGAS,-25.24016,-57.51923,Asunción,PY,large_airport
Teniente Ramon A. Ayub Gonzalez International Airport,ENO,SGEN,-27.22754,-55.83758,Encarnación,PY,large_airport
Guaraní International Airport,AGT,SGES,-25.45719,-54.83954,Ciudad del Este,PY,large_airport
El Eden Airport,AXM,SKAR,4.45278,-75.7664,Armenia,CO,medium_airport
Tres De Mayo Airport,PUU,SKAS,0.50523,-76.5008,Puerto Asís,CO,medium_airport
Palonegro Airport,BGA,SKBG,7.1265,-73.1848,Bucaramanga,CO,medium_airport
El Dorado International Airport,BOG,SKBO,4.70159,-74.1469,Bogota,CO,large_airport
Ernesto Cortissoz International Airport,BAQ,SKBQ,10.8896,-74.7808,Barranquilla,CO,large_airport
José Celestino Mutis Airport,BSC,SKBS,6.20292,-77.3947,Bahía Solano,CO,medium_airport
Gerardo Tobar López Airport,BUN,SKBU,3.81963,-76.9898,Buenaventura,CO,medium_airport
Camilo Daza International Airport,CUC,SKCC,7.92757,-72.5115,Cúcuta,CO,medium_airport
Rafael Nuñez International Airport,CTG,SKCG,10.4424,-75.513,Cartagena,CO,large_airport
Alfonso Bonilla Aragon International Airport,CLO,SKCL,3.54272,-76.3819,Cali,CO,large_airport
La Florida Airport,TCO,SKCO,1.81442,-78.7492,Tumaco,CO,medium_airport
Las Brujas Airport,CZU,SKCZ,9.33274,-75.2856,Corozal,CO,medium_airport
Yariguíes Airport,EJA,SKEJ,7.02433,-73.8068,Barrancabermeja,CO,medium_airport
Gustavo Artunduaga Paredes Airport,FLA,SKFL,1.58919,-75.5644,Florencia,CO,medium_airport
Guapi Airport,GPI,SKGP,2.57013,-77.89797,Guapi,CO,medium_airport
Perales Airport,IBE,SKIB,4.42161,-75.1333,Ibagué,CO,medium_airport
San Luis Airport,IPI,SKIP,0.86195,-77.67178,Ipiales,CO,medium_airport
Antonio Roldán Betancur Airport,APO,SKLC,7.81196,-76.7164,Carepa,CO,medium_airport
Alfredo Vásquez Cobo International Airport,LET,SKLT,-4.19115,-69.942,Leticia,CO,medium_airport
Enrique Olaya Herrera Airport,EOH,SKMD,6.21969,-75.5906,Medellín,CO,medium_airport
Los Garzones Airport,MTR,SKMR,8.82374,-75.8258,Montería,CO,medium_airport
Fabio Alberto Leon Bentley Airport,MVP,SKMU,1.25366,-70.2339,Mitú,CO,medium_airport
La Nubia Airport,MZL,SKMZ,5.0296,-75.4647,Manizales,CO,medium_airport
Benito Salas Airport,NVA,SKNV,2.95015,-75.294,Neiva,CO,medium_airport
German Olano Airport,PCR,SKPC,6.18472,-67.4932,Puerto Carreño,CO,medium_airport
Obando Cesar Gaviria Trujillo Airport,PDA,SKPD,3.85353,-67.9062,Puerto Inírida,CO,medium_airport
Matecaña International Airport,PEI,SKPE,4.81267,-75.7395,Pereira,CO,medium_airport
Guillermo León Valencia Airport,PPN,SKPP,2.45436,-76.60925,Popayán,CO,medium_airport
Antonio Nariño Airport,PSO,SKPS,1.39672,-77.29093,Chachagüí,CO,medium_airport
El Embrujo Airport,PVA,SKPV,13.35746,-81.35798,Providencia,CO,medium_airport
Jose Maria Córdova International Airport,MDE,SKRG,6.16454,-75.4231,Medellín,CO,large_airport
Almirante Padilla Airport,RCH,SKRH,11.5262,-72.926,Riohacha,CO,medium_airport
Jorge E. Gonzalez Torres Airport,SJE,SKSJ,2.57969,-72.6394,San José Del Guaviare,CO,medium_airport
Simón Bolívar International Airport,SMR,SKSM,11.1196,-74.2306,Santa Marta,CO,medium_airport
Gustavo Rojas Pinilla International Airport,ADZ,SKSP,12.5836,-81.7112,San Andrés,CO,large_airport
Eduardo Falla Solano Airport,SVI,SKSV,2.15217,-74.7663,San Vicente Del Caguán,CO,medium_airport
Gustavo Vargas Airport,TME,SKTM,6.45108,-71.7603,Tame,CO,medium_airport
Santiago Perez Airport,AUC,SKUC,7.06888,-70.7369,Arauca,CO,medium_airport
El Caraño Airport,UIB,SKUI,5.69076,-76.6412,Quibdó,CO,medium_airport
Alfonso López Pumarejo Airport,VUP,SKVP,10.435,-73.2495,Valledupar,CO,medium_airport
Vanguardia Airport,VVC,SKVV,4.16787,-73.6138,Villavicencio,CO,medium_airport
El Alcaravan - Yopal Airport,EYP,SKYP,5.31911,-72.384,Yopal,CO,medium_airport
Alcantarí International Airport,SRE,SLAL,-19.24684,-65.14961,Sucre,BO,large_airport
Jorge Wilsterman International Airport,CBB,SLCB,-17.42111,-66.1771,Cochabamba,BO,large_airport
Capitán Aníbal Arab Airport,CIJ,SLCO,-11.03911,-68.78277,Cobija,BO,medium_airport
El Trompillo Airport,SRZ,SLET,-17.8116,-63.1715,Santa Cruz,BO,medium_airport
Guayaramerín Airport,GYA,SLGM,-10.88856,-65.38096,Guayaramerín,BO,medium_airport
El Alto International Airport,LPB,SLLP,-16.51027,-68.18942,La Paz / El Alto,BO,large_airport
Juan Mendoza International Airport,ORU,SLOR,-17.95615,-67.07583,Oruro,BO,large_airport
Capitán Av. Salvador Ogaya G. airport,PSZ,SLPS,-18.9753,-57.8206,Puerto Suárez,BO,medium_airport
Capitán Av. Selin Zeitun Lopez Airport,RIB,SLRI,-11.00935,-66.07547,Riberalta,BO,medium_airport
Capitan Oriel Lea Plaza Airport,TJA,SLTJ,-21.5557,-64.7013,Tarija,BO,medium_airport
Teniente Av. Jorge Henrich Arauz Airport,TDD,SLTR,-14.8187,-64.918,Trinidad,BO,medium_airport
Joya Andina International Airport,UYU,SLUY,-20.4413,-66.85755,Quijarro,BO,large_airport
Viru Viru International Airport,VVI,SLVR,-17.6448,-63.1354,Santa Cruz,BO,large_airport
Johan Adolf Pengel International Airport,PBM,SMJP,5.45283,-55.1878,Paramaribo,SR,large_airport
Cayenne – Félix Eboué Airport,CAY,SOCA,4.81996,-52.36133,Matoury,GF,large_airport
Maripasoula Airport,MPY,SOOA,3.65591,-54.03943,Maripasoula,GF,medium_airport
Saint-Laurent-du-Maroni Airport,LDX,SOOM,5.48189,-54.03496,Saint-Laurent-du-Maroni,GF,medium_airport
Cap FAP David Abenzur Rengifo International Airport,PCL,SPCL,-8.37806,-74.57449,Pucallpa,PE,large_airport
FAP Lieutenant Jaime Andres de Montreuil Morales Airport,CHM,SPEO,-9.14961,-78.5238,Chimbote,PE,medium_airport
Capitán FAP José A. Quiñones González International Airport,CIX,SPHI,-6.78922,-79.82825,Chiclayo,PE,large_airport
Air Force Colonel Alfredo Mendivil Duarte Airport,AYP,SPHO,-13.1548,-74.2044,Ayacucho,PE,medium_airport
Jorge Chávez International Airport,LIM,SPIM,-12.0219,-77.11431,Lima,PE,large_airport
Shumba Airport,JAE,SPJE,-5.59248,-78.774,Jaén,PE,medium_airport
Francisco Carle Airport,JAU,SPJJ,-11.7831,-75.4734,Jauja,PE,medium_airport
Inca Manco Capac International Airport,JUL,SPJL,-15.46769,-70.15653,Juliaca,PE,large_airport
Mayor General FAP Armando Revoredo Iglesias Airport,CJA,SPJR,-7.13918,-78.4894,Cajamarca,PE,medium_airport
General Jorge Fernandez Maldon Airport,ILQ,SPLO,-17.695,-71.344,Ilo,PE,medium_airport
Captain Pedro Canga Rodríguez International Airport,TBP,SPME,-3.55207,-80.38109,Tumbes,PE,medium_airport
Moises Benzaquen Rengifo Airport,YMS,SPMS,-5.89377,-76.1182,Yurimaguas,PE,medium_airport
Alferez Fap David Figueroa Fernandini Airport,HUU,SPNC,-9.87881,-76.2048,Huánuco,PE,medium_airport
Chachapoyas Airport,CHH,SPPY,-6.20191,-77.85619,Chachapoyas,PE,medium_airport
Coronel FAP Francisco Secada Vignetta International Airport,IQT,SPQT,-3.78474,-73.3088,Iquitos,PE,large_airport
Rodríguez Ballón International Airport,AQP,SPQU,-16.34079,-71.56949,Arequipa,PE,large_airport
Capitán FAP Carlos Martínez de Pinillos International Airport,TRU,SPRU,-8.08238,-79.10882,Trujillo,PE,large_airport
Cadete FAP Guillermo Del Castillo Paredes Airport,TPP,SPST,-6.50874,-76.3732,Tarapoto,PE,medium_airport
Coronel FAP Carlos Ciriani Santa Rosa International Airport,TCQ,SPTN,-18.0533,-70.2758,Tacna,PE,medium_airport
Padre Aldamiz International Airport,PEM,SPTU,-12.6136,-69.2286,Puerto Maldonado,PE,medium_airport
PAF Captain Guillermo Concha Iberico International Airport,PIU,SPUR,-5.20575,-80.6164,Piura,PE,medium_airport
Captain Victor Montes Arias International Airport,TYL,SPYL,-4.57664,-81.2541,Talara,PE,medium_airport
Maria Reiche Neuman Airport,NZC,SPZA,-14.854,-74.9615,Nazca,PE,medium_airport
Alejandro Velasco Astete International Airport,CUZ,SPZO,-13.5357,-71.9388,Cusco,PE,large_airport
Capitan Corbeta CA Curbelo International Airport,PDP,SULS,-34.8551,-55.0943,Punta del Este,UY,medium_airport
Carrasco General Cesáreo L. Berisso International Airport,MVD,SUMU,-34.83565,-56.0265,Ciudad de la Costa,UY,large_airport
Pres. Gral. Óscar D. Gestido Binational Airport,RVY,SURV,-30.9746,-55.4762,Rivera/Santana do Livramento,UY,medium_airport
General José Antonio Anzoategui International Airport,BLA,SVBC,10.11111,-64.69222,Barcelona,VE,large_airport
Barinas Airport,BNS,SVBI,8.615,-70.21417,Barinas,VE,medium_airport
Jacinto Lara International Airport,BRM,SVBM,10.04275,-69.35862,Barquisimeto,VE,large_airport
Canaima Airport,CAJ,SVCN,6.23199,-62.85485,Canaima,VE,medium_airport
General Francisco Bermúdez Airport,CUP,SVCP,10.66001,-63.26168,Carúpano,VE,medium_airport
José Leonardo Chirinos Airport,CZE,SVCR,11.41494,-69.6809,Coro,VE,medium_airport
Antonio José de Sucre Airport,CUM,SVCU,10.45033,-64.13047,Cumaná,VE,medium_airport
Josefa Camejo International Airport,LSP,SVJC,11.78078,-70.1515,Paraguaná,VE,medium_airport
La Chinita International Airport,MAR,SVMC,10.55754,-71.72931,Maracaibo,VE,large_airport
Del Caribe Santiago Mariño International Airport,PMV,SVMG,10.9126,-63.9666,Isla Margarita,VE,large_airport
Maiquetía Simón Bolívar International Airport,CCS,SVMI,10.60221,-66.99117,Maiquetía,VE,large_airport
José Tadeo Monagas International Airport,MUN,SVMT,9.74902,-63.15335,Maturín,VE,medium_airport
General Manuel Carlos Piar International Airport,PZO,SVPR,8.28853,-62.7604,Guyana City,VE,large_airport
Juan Vicente Gómez International Airport,SVZ,SVSA,7.84081,-72.43988,San Antonio del Tachira,VE,medium_airport
Santa Elena de Uairén Airport,SNV,SVSE,4.5547,-61.14523,Santa Elena de Uairén,VE,medium_airport
Mayor Buenaventura Vivas International Airport,STD,SVSO,7.56538,-72.0351,Santo Domingo,VE,medium_airport
San Tomé Airport,SOM,SVST,8.94515,-64.15108,El Tigre,VE,medium_airport
Arturo Michelena International Airport,VLN,SVVA,10.14973,-67.9284,Valencia,VE,large_airport
Juan Pablo Pérez Alfonso Airport,VIG,SVVG,8.62414,-71.67267,El Vigía,VE,medium_airport
Dr. Antonio Nicolás Briceño Airport,VLV,SVVL,9.34048,-70.58406,Valera,VE,medium_airport
Araguaína Airport,AUX,SWGN,-7.22787,-48.2405,Araguaína,BR,medium_airport
Cheddi Jagan International Airport,GEO,SYCJ,6.49855,-58.2541,Georgetown,GY,large_airport
Eugene F. Correia International Airport,OGL,SYGO,6.80588,-58.10766,Ogle,GY,medium_airport
Kaieteur Airport,KAI,SYKA,5.17735,-59.48898,Kaieteur Falls,GY,medium_airport
Lethem Airport,LTM,SYLT,3.37276,-59.7894,Lethem,GY,medium_airport
V. C. Bird International Airport,ANU,TAPA,17.1367,-61.7927,Osbourn,AG,large_airport
Grantley Adams International Airport,BGI,TBPB,13.07467,-59.49103,Bridgetown,BB,large_airport
Canefield Airport,DCF,TDCF,15.33669,-61.39211,Canefield,DM,medium_airport
Douglas-Charles Airport,DOM,TDPD,15.54667,-61.30108,Marigot,DM,medium_airport
Martinique Aimé Césaire International Airport,FDF,TFFF,14.591,-61.0032,Fort-de-France,MQ,large_airport
Grand Case-l'Espérance Airport,SFG,TFFG,18.10006,-63.04744,Grand Case,MF,medium_airport
St. Jean Airport,SBH,TFFJ,17.9044,-62.84333,Gustavia,BL,medium_airport
Marie-Galante Airport,GBJ,TFFM,15.86893,-61.27009,Grand-Bourg,GP,medium_airport
Maryse Condé International Airport,PTP,TFFR,16.26544,-61.53275,Pointe-à-Pitre,GP,large_airport
Maurice Bishop International Airport,GND,TGPY,12.004,-61.7853,Saint George's,GD,large_airport
Cyril E. King Airport,STT,TIST,18.33709,-64.97725,Charlotte Amalie,VI,large_airport
Henry E. Rohlsen Airport,STX,TISX,17.70141,-64.80261,Christiansted,VI,medium_airport
Rafael Hernández International Airport,BQN,TJBQ,18.4949,-67.1294,Aguadilla,PR,medium_airport
Benjamin Rivera Noriega Airport,CPX,TJCP,18.31295,-65.30389,Culebra,PR,medium_airport
Fernando Luis Ribas Dominicci Airport,SIG,TJIG,18.4568,-66.0981,San Juan,PR,medium_airport
Eugenio Maria De Hostos Airport,MAZ,TJMZ,18.2557,-67.1485,Mayaguez,PR,medium_airport
Mercedita International Airport,PSE,TJPS,18.0083,-66.563,Ponce,PR,medium_airport
José Aponte de la Torre Airport,NRR,TJRV,18.24726,-65.63979,Ceiba,PR,medium_airport
Luis Munoz Marin International Airport,SJU,TJSJ,18.4394,-66.0018,San Juan,PR,large_airport
Antonio Rivera Rodriguez Airport,VQS,TJVQ,18.1348,-65.4936,Vieques,PR,medium_airport
Robert L. Bradshaw International Airport,SKB,TKPK,17.31085,-62.71912,Basseterre,KN,large_airport
Vance W. Amory International Airport,NEV,TKPN,17.2057,-62.5899,Charlestown,KN,medium_airport
George F. L. Charles Airport,SLU,TLPC,14.0202,-60.9929,Castries,LC,medium_airport
Hewanorra International Airport,UVF,TLPL,13.7332,-60.9526,Vieux Fort,LC,large_airport
Balkanabat International Airport,BKN,TM-0002,39.68105,54.20601,Balkanabat,TM,medium_airport
Queen Beatrix International Airport,AUA,TNCA,12.50106,-70.01428,Oranjestad,AW,large_airport
Flamingo International Airport,BON,TNCB,12.131,-68.2685,Kralendijk,BQ,large_airport
Hato International Airport,CUR,TNCC,12.1889,-68.9598,Willemstad,CW,large_airport
F. D. Roosevelt Airport,EUX,TNCE,17.4965,-62.9794,Oranjestad,BQ,medium_airport
Princess Juliana International Airport,SXM,TNCM,18.041,-63.1089,Sint Maarten,SX,large_airport
Juancho E. Yrausquin Airport,SAB,TNCS,17.64533,-63.22051,Zion's Hill,BQ,medium_airport
Clayton J. Lloyd International Airport,AXA,TQPF,18.20477,-63.05383,The Valley,AI,medium_airport
John A. Osborne Airport,MNI,TRPG,16.79183,-62.1932,Gerald's Park,MS,large_airport
A.N.R. Robinson International Airport,TAB,TTCP,11.14957,-60.8313,Scarborough,TT,large_airport
Piarco International Airport,POS,TTPP,10.59535,-61.33757,Port of Spain,TT,large_airport
Terrance B. Lettsome International Airport,EIS,TUPJ,18.44549,-64.54171,Beef Island,VG,large_airport
Virgin Gorda Airport,VIJ,TUPW,18.44663,-64.42793,Spanish Town,VG,medium_airport
Argyle International Airport,SVD,TVSA,13.15972,-61.1488,Kingstown,VC,large_airport
J F Mitchell Airport,BQU,TVSB,12.9884,-61.262,Bequia,VC,medium_airport
Canouan Airport,CIW,TVSC,12.699,-61.3424,Canouan,VC,medium_airport
Mustique Airport,MQS,TVSM,12.8879,-61.1802,Lovell,VC,medium_airport
Union Island International Airport,UNI,TVSU,12.60013,-61.41195,Union Island,VC,medium_airport
L.F. Wade International Airport,BDA,TXKF,32.3638,-64.67824,Hamilton,BM,large_airport
Batken Airport,,UA30,40.0429,70.83784,Batken,KG,medium_airport
Almaty International Airport,ALA,UAAA,43.35427,77.04283,Almaty,KZ,large_airport
Balkhash Airport,BXH,UAAH,46.89425,75.00453,Balkhash,KZ,medium_airport
Taldykorgan Airport,TDK,UAAT,45.12255,78.44276,Taldykorgan,KZ,medium_airport
Nursultan Nazarbayev International Airport,NQZ,UACC,51.02703,71.46709,Astana,KZ,large_airport
Kokshetau International Airport,KOV,UACK,53.3291,69.5946,Kokshetau,KZ,large_airport
Petropavl International Airport,PPK,UACP,54.77562,69.18742,Petropavl,KZ,large_airport
Taraz International Airport,DMB,UADD,42.8536,71.3036,Taraz,KZ,large_airport
Manas International Airport,BSZ,UAFM,43.0613,74.4776,Bishkek,KG,large_airport
Osh International Airport,OSS,UAFO,40.609,72.7933,Osh,KG,large_airport
Karakol International Airport,IKG,UAFP,42.5081,78.4078,Karakol,KG,medium_airport
Shymkent International Airport,CIT,UAII,42.36502,69.47564,Shymkent,KZ,large_airport
Hazrat Sultan International Airport,HSA,UAIT,43.31109,68.55035,Turkıstan,KZ,large_airport
Zhezkazgan National Airport,DZN,UAKD,47.70895,67.73809,Zhezkazgan,KZ,large_airport
Sary-Arka Airport,KGF,UAKK,49.6708,73.3344,Karaganda,KZ,large_airport
Baikonur Krayniy International Airport,BXY,UAOL,45.62199,63.21077,Baikonur,KZ,large_airport
Korkyt Ata International Airport,KZO,UAOO,44.7069,65.5925,Kyzylorda,KZ,large_airport
Manshuk Mametova International Airport,URA,UARR,51.15198,51.54365,Uralsk,KZ,large_airport
Oskemen International Airport,UKK,UASK,50.03503,82.49606,Ust-Kamenogorsk (Oskemen),KZ,large_airport
Pavlodar International Airport,PWQ,UASP,52.19498,77.07309,Pavlodar,KZ,large_airport
Semei International Airport,PLX,UASS,50.3513,80.2344,Semey,KZ,large_airport
Aktau International Airport,SCO,UATE,43.86009,51.09086,Aktau,KZ,large_airport
Atyrau International Airport,GUW,UATG,47.12132,51.82034,Atyrau,KZ,large_airport
Aktobe International Airport,AKX,UATT,50.24812,57.20414,Aktobe,KZ,large_airport
Kostanay International Airport,KSN,UAUU,53.2069,63.5503,Kostanay,KZ,large_airport
Heydar Aliyev International Airport,GYD,UBBB,40.47278,50.05093,Baku,AZ,large_airport
Ganja International Airport,GNJ,UBBG,40.73869,46.32038,Ganja,AZ,large_airport
Nakhchivan International Airport,NAJ,UBBN,39.1888,45.4584,Nakhchivan,AZ,large_airport
Gabala International Airport,GBB,UBBQ,40.80862,47.72539,Gabala,AZ,medium_airport
Lachin International Airport,LHL,UBLC,39.88379,46.36314,Lachin,AZ,medium_airport
Issyk-Kul International Airport,IKU,UCFL,42.58558,76.70118,Tamchy,KG,large_airport
Shirak International Airport,LWN,UDSG,40.7504,43.8593,Gyumri,AM,large_airport
Zvartnots International Airport,EVN,UDYZ,40.14894,44.39789,Yerevan,AM,large_airport
Platon Oyunsky Yakutsk International Airport,YKS,UEEE,62.0933,129.771,Yakutsk,RU,large_airport
Chulman Airport,NER,UELL,56.9139,124.914,Neryungri,RU,medium_airport
Moma Airport,MQJ,UEMA,66.45086,143.26155,Khonuu,RU,medium_airport
Olyokminsk Airport,OLZ,UEMO,60.40183,120.47609,Olyokminsk,RU,medium_airport
Ust-Nera Airport,USR,UEMT,64.55,143.115,Ust-Nera,RU,medium_airport
Vilyuisk Airport,VYI,UENW,63.75667,121.69334,Vilyuisk,RU,medium_airport
Lensk Airport,ULK,UERL,60.72359,114.82532,Lensk,RU,medium_airport
Polyarny Airport,PYJ,UERP,66.4004,112.03,Yakutia,RU,medium_airport
Mirny Airport,MJZ,UERR,62.5347,114.039,Mirny,RU,medium_airport
Saskylakh Airport,SYS,UERS,71.9279,114.08,Saskylakh,RU,medium_airport
Srednekolymsk Airport,SEK,UESK,67.4805,153.7364,Srednekolymsk,RU,medium_airport
Chokurdakh Airport,CKH,UESO,70.6231,147.90199,Chokurdah,RU,medium_airport
Cherskiy Airport,CYX,UESS,68.7406,161.338,Cherskiy,RU,medium_airport
Tiksi Airport,IKS,UEST,71.6977,128.903,Tiksi,RU,medium_airport
Zyryanka Airport,ZKP,UESU,65.7485,150.8889,Zyryanka,RU,medium_airport
Zhigansk Airport,ZIX,UEVV,66.7965,123.361,Zhigansk,RU,medium_airport
Savannah Airstrip,KHX,UG-0002,-0.7165,29.6997,Kihihi,UG,medium_airport
Ambrolauri Airport,,UGAM,42.52687,43.13538,Ambrolauri,GE,medium_airport
David the Builder Kutaisi International Airport,KUT,UGKO,42.17745,42.48535,Kopitnari,GE,large_airport
Alexander Kartveli Batumi International Airport,BUS,UGSB,41.60939,41.60032,Batumi,GE,large_airport
Vladislav Ardzinba Sukhum International Airport,SUI,UGSS,42.8582,41.1281,Sukhumi,GE,medium_airport
Tbilisi International Airport,TBS,UGTB,41.6692,44.9547,Tbilisi,GE,large_airport
Ignatyevo Airport,BQS,UHBB,50.4254,127.412,Blagoveschensk,RU,medium_airport
Khabarovsk Novy Airport,KHV,UHHH,48.52834,135.18859,Khabarovsk,RU,medium_airport
Komsomolsk-on-Amur Airport,KXK,UHKK,50.409,136.93401,Komsomolsk-on-Amur,RU,medium_airport
Ugolny Yuri Ryktheu Airport,DYR,UHMA,64.7349,177.741,Anadyr,RU,medium_airport
Omsukchan Airport,,UHMF,62.457,155.74499,Omsukchan,RU,medium_airport
Keperveem Airport,KPW,UHMK,67.845,166.14,Keperveem,RU,medium_airport
Sokol Airport,GDX,UHMM,59.911,150.72,Magadan,RU,medium_airport
Pevek Airport,PWE,UHMP,69.7833,170.597,Apapelgino,RU,medium_airport
Nikolayevsk-na-Amure Airport,NLI,UHNN,53.155,140.64999,Nikolayevsk-na-Amure Airport,RU,medium_airport
Okhotsk Airport,OHO,UHOO,59.41007,143.0565,Okhotsk,RU,medium_airport
Yelizovo Airport,PKC,UHPP,53.16872,158.45107,Petropavlovsk-Kamchatsky,RU,large_airport
Yuzhno-Sakhalinsk International Airport,UUS,UHSS,46.88546,142.71747,Yuzhno-Sakhalinsk,RU,large_airport
Vladivostok International Airport,VVO,UHWW,43.39626,132.14816,Artyom,RU,large_airport
Chita-Kadala International Airport,HTA,UIAA,52.02484,113.30584,Chita,RU,large_airport
Bratsk Airport,BTK,UIBB,56.3696,101.70182,Bratsk,RU,medium_airport
Irkutsk International Airport,IKT,UIII,52.26671,104.39556,Irkutsk,RU,large_airport
Ust-Kut Airport,UKX,UITT,56.8567,105.73,Ust-Kut,RU,medium_airport
Baikal International Airport,UUD,UIUU,51.80861,107.43965,Ulan Ude,RU,large_airport
Mariupol International Airport,MPW,UKCM,47.0761,37.4496,Mariupol,UA,medium_airport
Dnipro International Airport,DNK,UKDD,48.3572,35.1006,Dnipro,UA,medium_airport
Kryvyi Rih International Airport,KWG,UKDR,48.0433,33.21,Kryvyi Rih,UA,medium_airport
Simferopol International Airport,SIP,UKFF,45.0522,33.9751,Simferopol,UA,large_airport
Ivano-Frankivsk International Airport,IFO,UKLI,48.8842,24.6861,Ivano-Frankivsk,UA,medium_airport
Lviv International Airport,LWO,UKLL,49.8125,23.9561,Lviv,UA,large_airport
Chernivtsi International Airport,CWC,UKLN,48.2593,25.9808,Chernivtsi,UA,medium_airport
Rivne International Airport,RWN,UKLR,50.6071,26.1416,Rivne,UA,medium_airport
Uzhhorod International Airport,UDJ,UKLU,48.6343,22.2634,Uzhhorod,UA,large_airport
Kherson International Airport,KHE,UKOH,46.6758,32.5064,Kherson,UA,medium_airport
Talagi Airport,ARH,ULAA,64.6003,40.7167,Archangelsk,RU,medium_airport
Naryan Mar Airport,NNM,ULAM,67.64,53.1219,Naryan Mar,RU,medium_airport
Amderma Airport,AMV,ULDD,69.7633,61.5564,Amderma,RU,medium_airport
Kotlas Airport,KSZ,ULKK,61.2358,46.6975,Kotlas,RU,medium_airport
Pulkovo Airport,LED,ULLI,59.8003,30.2625,St. Petersburg,RU,large_airport
Emperor Nicholas II Murmansk Airport,MMK,ULMM,68.7817,32.7508,Murmansk,RU,large_airport
Princess Olga Pskov International Airport,PKV,ULOO,57.78132,28.39384,Pskov,RU,medium_airport
Petrozavodsk Airport,PES,ULPB,61.8852,34.1547,Petrozavodsk,RU,medium_airport
Cherepovets Airport,CEE,ULWC,59.2736,38.0158,Cherepovets,RU,medium_airport
Velikiy Ustyug Airport,VUS,ULWU,60.7883,46.26,Velikiy Ustyug,RU,medium_airport
Brest International Airport,BQT,UMBB,52.10814,23.89676,Brest,BY,large_airport
Gomel Airport,GME,UMGG,52.527,31.0167,Gomel,BY,medium_airport
Khrabrovo Airport,KGD,UMKK,54.89161,20.59856,Kaliningrad,RU,large_airport
Minsk National Airport,MSQ,UMMS,53.88807,28.03996,Minsk,BY,large_airport
Mogilev Airport,MVQ,UMOO,53.9549,30.0951,Mogilev,BY,medium_airport
Abakan International Airport,ABA,UNAA,53.74,91.385,Abakan,RU,large_airport
Barnaul Gherman Titov International Airport,BAX,UNBB,53.36129,83.5397,Barnaul,RU,large_airport
Alexei Leonov Kemerovo International Airport,KEJ,UNEE,55.2701,86.1072,Kemerovo,RU,large_airport
Yeniseysk Airport,EIE,UNII,58.4742,92.1125,Yeniseysk,RU,medium_airport
Severo-Yeniseysk Airport,VEO,UNIS,60.3733,93.0117,Severo-Yeniseysk,RU,medium_airport
Vanavara Airport,VAQ,UNIW,60.35623,102.30964,Vanavara,RU,medium_airport
Krasnoyarsk International Airport,KJA,UNKL,56.17574,92.48579,Krasnoyarsk,RU,large_airport
Krasnoyarsk Cheremshanka Airport,KCY,UNKM,56.17758,92.54588,Krasnoyarsk,RU,medium_airport
Kyzyl Airport,KYZ,UNKY,51.6694,94.4006,Kyzyl,RU,medium_airport
Novosibirsk Tolmachevo Airport,OVB,UNNT,55.01976,82.61867,Novosibirsk,RU,large_airport
Omsk Central Airport,OMS,UNOO,54.96312,73.31242,Omsk,RU,large_airport
Tomsk Kamov Airport,TOF,UNTT,56.3803,85.2083,Tomsk,RU,large_airport
Spichenkovo Airport,NOZ,UNWW,53.8114,86.8772,Novokuznetsk,RU,medium_airport
Khatanga Airport,HTG,UOHH,71.9781,102.491,Khatanga,RU,medium_airport
Igarka Airport,IAA,UOII,67.4372,86.6219,Igarka,RU,medium_airport
Alykel International Airport,NSK,UOOO,69.30795,87.32591,Norilsk,RU,large_airport
Anapa Vityazevo Airport,AAQ,URKA,45.0021,37.3473,Krasnyi Kurgan,RU,medium_airport
Gelendzhik Airport,GDZ,URKG,44.58209,38.01248,Gelendzhik,RU,medium_airport
Krasnodar Pashkovsky International Airport,KRR,URKK,45.03446,39.17421,Krasnodar,RU,large_airport
Akhmat Kadyrov Grozny International Airport,GRV,URMG,43.38811,45.69977,Grozny,RU,large_airport
Makhachkala Uytash International Airport,MCX,URML,42.8168,47.6523,Makhachkala,RU,large_airport
Mineralnye Vody Airport,MRV,URMM,44.2251,43.0819,Mineralnyye Vody,RU,large_airport
Nalchik Airport,NAL,URMN,43.5129,43.6366,Nalchik,RU,medium_airport
Vladikavkaz Beslan International Airport,OGZ,URMO,43.2051,44.6066,Beslan,RU,medium_airport
Magas Airport,IGT,URMS,43.32327,45.01257,Sunzha,RU,medium_airport
Stavropol Shpakovskoye Airport,STW,URMT,45.1092,42.1128,Stavropol,RU,medium_airport
Platov International Airport,ROV,URRP,47.49389,39.92472,Rostov-on-Don,RU,large_airport
Taganrog Yuzhny Airport,TGK,URRT,47.19833,38.84917,Taganrog,RU,medium_airport
Sochi International Airport,AER,URSS,43.4499,39.9566,Sochi,RU,large_airport
Astrakhan Narimanovo Boris M. Kustodiev International Airport,ASF,URWA,46.28284,48.01051,Astrakhan,RU,large_airport
Elista Airport,ESL,URWI,46.3739,44.3309,Elista,RU,medium_airport
Volgograd International Airport,VOG,URWW,48.78134,44.33919,Volgograd,RU,large_airport
Kurchatov Chelyabinsk International Airport,CEK,USCC,55.30314,61.50493,Chelyabinsk,RU,large_airport
Magnitogorsk International Airport,MQF,USCM,53.39199,58.75523,Magnitogorsk,RU,large_airport
Sabetta International Airport,SBT,USDA,71.21917,72.05222,Sabetta,RU,medium_airport
Bovanenkovo Airport,BVJ,USDB,70.31528,68.33361,Bovanenkovo,RU,medium_airport
Salekhard Airport,SLY,USDD,66.5908,66.611,Salekhard,RU,medium_airport
Khanty Mansiysk Airport,HMA,USHH,61.0285,69.0861,Khanty-Mansiysk,RU,medium_airport
Nyagan Airport,NYA,USHN,62.11,65.615,Nyagan,RU,medium_airport
Beloyarskiy Airport,EYK,USHQ,63.6869,66.6986,,RU,medium_airport
Sovetskiy Airport,OVS,USHS,61.32662,63.60191,Sovetskiy,RU,medium_airport
Uray Airport,URJ,USHU,60.1033,64.8267,Uray,RU,medium_airport
Izhevsk Airport,IJK,USII,56.83452,53.46217,Izhevsk,RU,medium_airport
Pobedilovo Airport,KVX,USKK,58.50388,49.34783,Kirov,RU,medium_airport
Nadym Airport,NYM,USMM,65.4809,72.6989,Nadym,RU,medium_airport
Novy Urengoy Airport,NUX,USMU,66.0694,76.5203,Novy Urengoy,RU,medium_airport
Nizhnevartovsk Airport,NJC,USNN,60.9493,76.4836,Nizhnevartovsk,RU,large_airport
Perm International Airport,PEE,USPP,57.9145,56.0212,Perm,RU,large_airport
Kogalym International Airport,KGP,USRK,62.1904,74.5338,Kogalym,RU,medium_airport
Nefteyugansk Airport,NFG,USRN,61.1083,72.65,Nefteyugansk,RU,medium_airport
Noyabrsk Airport,NOJ,USRO,63.1833,75.27,Noyabrsk,RU,medium_airport
Surgut International Airport,SGC,USRR,61.3405,73.40578,Surgut,RU,large_airport
Koltsovo Airport,SVX,USSS,56.7431,60.8027,Yekaterinburg,RU,large_airport
Tobolsk Remezov Airport,RMZ,USTJ,58.05971,68.348,Tobolsk,RU,medium_airport
Roshchino International Airport,TJM,USTR,57.17898,65.3277,Tyumen,RU,large_airport
Kurgan Airport,KRO,USUU,55.4753,65.4156,Kurgan,RU,medium_airport
Ashgabat International Airport,ASB,UTAA,37.9868,58.361,Ashgabat,TM,large_airport
Turkmenbaşy International Airport,KRW,UTAK,40.06283,53.00509,Turkmenbaşy,TM,medium_airport
Mary International Airport,MYP,UTAM,37.62353,61.89567,Mary,TM,medium_airport
Dashoguz International Airport,TAZ,UTAT,41.75985,59.83615,Daşoguz,TM,large_airport
Türkmenabat International Airport,CRZ,UTAV,38.93066,63.56398,Türkmenabat,TM,large_airport
Dushanbe International Airport,DYU,UTDD,38.54375,68.82298,Dushanbe,TJ,large_airport
Kulob International Airport,TJU,UTDK,37.9881,69.805,Kulob,TJ,large_airport
Khujand International Airport,LBD,UTDL,40.2154,69.6947,Khujand,TJ,large_airport
Bokhtar International Airport,KQT,UTDT,37.86632,68.86447,Bokhtar,TJ,large_airport
Namangan International Airport,NMA,UTFN,40.98462,71.5578,Namangan,UZ,large_airport
Andijan International Airport,AZN,UTKA,40.7277,72.294,Andijan,UZ,medium_airport
Fergana International Airport,FEG,UTKF,40.3588,71.745,Fergana,UZ,medium_airport
Nukus International Airport,NCU,UTNN,42.4884,59.6233,Nukus,UZ,large_airport
Urgench International Airport,UGC,UTNU,41.58274,60.64338,Urgench,UZ,large_airport
Navoi International Airport,NVI,UTSA,40.1176,65.17266,Navoi,UZ,medium_airport
Bukhara International Airport,BHK,UTSB,39.77532,64.48228,Bukhara,UZ,large_airport
Samarkand International Airport,SKD,UTSS,39.70184,66.98147,Samarkand,UZ,large_airport
Termez Airport,TMJ,UTST,37.28726,67.31187,Termez,UZ,medium_airport
Tashkent-Khumo International Airport,TVT,UTTP,41.31289,69.39553,Tashkent,UZ,medium_airport
Tashkent International Airport,TAS,UTTT,41.2579,69.2812,Tashkent,UZ,large_airport
Zomin Airport,OMN,UTTZ,40.01402,68.41103,Zomin,UZ,medium_airport
Kostroma Sokerkino Airport,KMW,UUBA,57.7969,41.0194,Kostroma,RU,medium_airport
Ivanovo South Airport,IWA,UUBI,56.9394,40.9408,Ivanovo,RU,medium_airport
Staroselye Airport,RYB,UUBK,58.1042,38.9294,Rybinsk,RU,medium_airport
Bryansk International Airport,BZK,UUBP,53.2144,34.17596,Bryansk,RU,medium_airport
Zhukovsky International Airport,ZIA,UUBW,55.5533,38.15,Moscow,RU,large_airport
Domodedovo International Airport,DME,UUDD,55.4088,37.9063,Moscow,RU,large_airport
Golden Ring Yaroslavl International Airport,IAR,UUDL,57.5607,40.1574,Tunoshna,RU,large_airport
Sheremetyevo International Airport,SVO,UUEE,55.97686,37.41121,Moscow,RU,large_airport
Belgorod International Airport,EGO,UUOB,50.6438,36.5901,Belgorod,RU,medium_airport
Kursk East Airport,URS,UUOK,51.7506,36.2956,Kursk,RU,medium_airport
Lipetsk Airport,LPK,UUOL,52.7028,39.5378,Lipetsk,RU,medium_airport
Voronezh International Airport,VOZ,UUOO,51.81432,39.23095,Voronezh,RU,medium_airport
Vnukovo International Airport,VKO,UUWW,55.5915,37.2615,Moscow,RU,large_airport
Ukhta Airport,UCT,UUYH,63.5669,53.8047,Ukhta,RU,medium_airport
Pechora Airport,PEX,UUYP,65.1211,57.1308,Pechora,RU,medium_airport
Usinsk Airport,USK,UUYS,66.0047,57.3672,Usinsk,RU,medium_airport
Vorkuta Airport,VKT,UUYW,67.4886,63.9931,Vorkuta,RU,medium_airport
Syktyvkar Airport,SCW,UUYY,61.647,50.8451,Syktyvkar,RU,medium_airport
Nizhny Novgorod / Strigino International Airport,GOJ,UWGG,56.22735,43.78515,Nizhny Novgorod,RU,large_airport
Bugulma Airport,UUA,UWKB,54.64118,52.80023,Bugulma,RU,medium_airport
Kazan International Airport,KZN,UWKD,55.6062,49.2787,Kazan,RU,large_airport
Begishevo Airport,NBC,UWKE,55.5647,52.0925,Nizhnekamsk,RU,medium_airport
Cheboksary Airport,CSY,UWKS,56.0903,47.3473,Cheboksary,RU,medium_airport
Ulyanovsk Baratayevka Airport,ULV,UWLL,54.27016,48.22557,Ulyanovsk,RU,medium_airport
Ulyanovsk Vostochny Airport,ULY,UWLW,54.401,48.8027,Cherdakly,RU,medium_airport
Orenburg Central Airport,REN,UWOO,51.79267,55.45723,Orenburg,RU,medium_airport
Orsk Airport,OSW,UWOR,51.0725,58.5956,Orsk,RU,medium_airport
Penza Airport,PEZ,UWPP,53.1106,45.0211,Penza,RU,medium_airport
Saransk International Airport,SKX,UWPS,54.12513,45.21226,Saransk,RU,large_airport
Balakovo Airport,BWO,UWSB,51.8583,47.7456,Balakovo,RU,medium_airport
Gagarin International Airport,GSV,UWSG,51.71278,46.17111,Saratov,RU,large_airport
Ufa International Airport,UFA,UWUU,54.5575,55.8744,Ufa,RU,large_airport
Kurumoch International Airport,KUF,UWWW,53.5049,50.1643,Samara,RU,large_airport
"Rewa Airport, Chorhata, REWA",REW,VA1G,24.5034,81.2203,Rewa,IN,medium_airport
Gondia Airport,GDB,VA2C,21.52682,80.29035,Gondia,IN,medium_airport
Sardar Vallabh Patel International Airport,AMD,VAAH,23.0772,72.6347,Ahmedabad,IN,large_airport
Aurangabad Airport,IXU,VAAU,19.86287,75.39631,Aurangabad,IN,medium_airport
Chhatrapati Shivaji Maharaj International Airport,BOM,VABB,19.0887,72.8679,Mumbai,IN,large_airport
Bhuj Airport,BHJ,VABJ,23.2878,69.6702,Bhuj,IN,medium_airport
Belagavi Airport,IXG,VABM,15.8593,74.6183,Belgaum,IN,medium_airport
Vadodara International Airport,BDQ,VABO,22.3362,73.2263,Vadodara,IN,large_airport
Raja Bhoj International Airport,BHO,VABP,23.2875,77.3374,Bhopal,IN,large_airport
Bhavnagar Airport,BHU,VABV,21.7522,72.1852,Bhavnagar,IN,medium_airport
Hubballi Airport,HBX,VAHB,15.36108,75.0821,Hubballi,IN,medium_airport
Rajkot International Airport,HSR,VAHS,22.37882,71.03939,Rajkot,IN,large_airport
Devi Ahilya Bai Holkar International Airport,IDR,VAID,22.7214,75.80051,Indore,IN,large_airport
Jabalpur Airport,JLR,VAJB,23.1778,80.052,Jabalpur,IN,medium_airport
Jamnagar Airport,JGA,VAJM,22.4655,70.0126,Jamnagar,IN,medium_airport
Kandla Airport,IXY,VAKE,23.1127,70.1003,Kandla,IN,medium_airport
Khajuraho Airport,HJR,VAKJ,24.8172,79.9186,Khajuraho,IN,medium_airport
Kolhapur Airport,KLH,VAKP,16.6647,74.2894,Kolhapur,IN,medium_airport
Keshod Airport,IXK,VAKS,21.3171,70.2704,Keshod,IN,medium_airport
Murod Kond Airport,LTU,VALT,18.4115,76.4647,Latur,IN,medium_airport
Nanded Airport,NDC,VAND,19.1833,77.3167,Nanded,IN,medium_airport
Dr. Babasaheb Ambedkar International Airport,NAG,VANP,21.0922,79.0472,Nagpur,IN,large_airport
Nashik International Airport,ISK,VAOZ,20.1191,73.9129,Nashik,IN,large_airport
Pune International Airport,PNQ,VAPO,18.5821,73.9197,Pune,IN,large_airport
Porbandar Airport,PBD,VAPR,21.64952,69.65641,Porbandar,IN,medium_airport
Swami Vivekananda Airport,RPR,VARP,21.1804,81.7388,Raipur,IN,medium_airport
Shirdi International Airport,SAG,VASD,19.68921,74.37365,Kakadi,IN,large_airport
Surat International Airport,STV,VASU,21.11553,72.74325,Surat,IN,large_airport
Maharana Pratap Airport,UDR,VAUD,24.6177,73.8961,Udaipur,IN,medium_airport
Bandaranaike International Colombo Airport,CMB,VCBI,7.18076,79.8841,Colombo,LK,large_airport
Batticaloa International Airport,BTC,VCCB,7.70507,81.67716,Batticaloa,LK,medium_airport
Colombo Ratmalana International Airport,RML,VCCC,6.82164,79.88586,Colombo,LK,large_airport
Jaffna International Airport,JAF,VCCJ,9.79233,80.0701,Jaffna,LK,large_airport
Koggala Airport,KCT,VCCK,5.99368,80.3203,Galle,LK,medium_airport
China Bay Airport,TRR,VCCT,8.53916,81.18128,Trincomalee,LK,medium_airport
Mattala Rajapaksa International Airport,HRI,VCRI,6.28388,81.12416,Mattala,LK,medium_airport
Battambang Airport,BBM,VDBG,13.0956,103.224,Battambang,KH,medium_airport
Siem Reap-Angkor International Airport,SAI,VDSA,13.36974,104.22383,Siem Reap,KH,large_airport
Sihanouk International Airport,KOS,VDSV,10.57056,103.63207,Preah Sihanouk,KH,large_airport
Agartala - Maharaja Bir Bikram Airport,IXA,VEAT,23.887,91.2404,Agartala,IN,medium_airport
Bagdogra Airport,IXB,VEBD,26.6812,88.3286,Siliguri,IN,large_airport
Shillong Airport,SHL,VEBI,25.7036,91.9787,Shillong,IN,medium_airport
Lal Bahadur Shastri International Airport,VNS,VEBN,25.45217,82.86255,Varanasi,IN,large_airport
Biju Patnaik International Airport,BBI,VEBS,20.25102,85.81475,Bhubaneswar,IN,large_airport
Bilaspur Airport,PAB,VEBU,21.9884,82.111,Bilaspur,IN,medium_airport
Netaji Subhash Chandra Bose International Airport,CCU,VECC,22.65401,88.44765,Kolkata,IN,large_airport
Kazi Nazrul Islam Airport,RDP,VEDG,23.6225,87.243,Durgapur,IN,medium_airport
Darbhanga Airport,DBR,VEDH,26.1928,85.9169,Darbhanga,IN,medium_airport
Gorakhpur Airport,GOP,VEGK,26.7397,83.4497,Gorakhpur,IN,medium_airport
Lokpriya Gopinath Bordoloi International Airport,GAU,VEGT,26.10665,91.58523,Guwahati,IN,large_airport
Gaya Airport,GAY,VEGY,24.7443,84.9512,Gaya,IN,medium_airport
Bir Tikendrajit International Airport,IMF,VEIM,24.76,93.8967,Imphal,IN,large_airport
Jorhat Airport,JRH,VEJT,26.73046,94.17542,Jorhat,IN,medium_airport
Silchar Airport,IXS,VEKU,24.9129,92.9787,Silchar,IN,medium_airport
Lengpui Airport,AJL,VELP,23.8406,92.6197,Aizawl (Lengpui),IN,medium_airport
Lilabari North Lakhimpur Airport,IXI,VELR,27.29568,94.09727,Lilabari,IN,medium_airport
Dibrugarh Airport,DIB,VEMN,27.4839,95.0169,Dibrugarh,IN,medium_airport
Dimapur Airport,DMU,VEMR,25.8839,93.7711,Dimapur,IN,medium_airport
Jay Prakash Narayan Airport,PAT,VEPT,25.5913,85.088,Patna,IN,medium_airport
Birsa Munda Airport,IXR,VERC,23.3143,85.3217,Ranchi,IN,medium_airport
Tezpur Airport,TEZ,VETZ,26.7091,92.7847,,IN,medium_airport
Utkela Airport,UKE,VEUK,20.09778,83.18333,Bhawanipatna,IN,medium_airport
Visakhapatnam International Airport,VTZ,VEVZ,17.72351,83.22773,Visakhapatnam,IN,large_airport
Barisal Airport,BZL,VGBR,22.801,90.3012,Barisal,BD,medium_airport
Cox's Bazar Airport,CXB,VGCB,21.45752,91.96326,Cox's Bazar,BD,medium_airport
Shah Amanat International Airport,CGP,VGEG,22.2496,91.8133,Chattogram (Chittagong),BD,large_airport
Hazrat Shahjalal International Airport,DAC,VGHS,23.84335,90.39778,Dhaka,BD,large_airport
Jessore Airport,JSR,VGJR,23.1838,89.1608,Jashore (Jessore),BD,medium_airport
Shah Makhdum Airport,RJH,VGRJ,24.4372,88.6165,Rajshahi,BD,medium_airport
Saidpur Airport,SPD,VGSD,25.7592,88.9089,Saidpur,BD,medium_airport
Osmany International Airport,ZYL,VGSY,24.96399,91.86475,Sylhet,BD,large_airport
Hong Kong International Airport,HKG,VHHH,22.31184,113.91486,Hong Kong,HK,large_airport
Agra Airport / Agra Air Force Station,AGR,VIAG,27.15798,77.96103,Agra,IN,medium_airport
Prayagraj Airport,IXD,VIAL,25.4401,81.7339,Allahabad,IN,medium_airport
Sri Guru Ram Das Ji International Airport,ATQ,VIAR,31.7096,74.7973,Amritsar,IN,large_airport
Kullu Manali Airport,KUU,VIBR,31.8767,77.1544,Bhuntar,IN,medium_airport
Bareilly Air Force Station,BEK,VIBY,28.4221,79.4508,Bareilly,IN,medium_airport
Shaheed Bhagat Singh International Airport,IXC,VICG,30.6735,76.7885,Chandigarh,IN,large_airport
Kanpur Airport,KNU,VICX,26.4043,80.4101,Kanpur,IN,medium_airport
Dehradun Jolly Grant Airport,DED,VIDN,30.18924,78.17665,Dehradun (Jauligrant),IN,medium_airport
Indira Gandhi International Airport,DEL,VIDP,28.55563,77.09519,New Delhi,IN,large_airport
Kangra Airport,DHM,VIGG,32.1649,76.26302,Kangra,IN,medium_airport
Gwalior Airport,GWL,VIGR,26.2933,78.2278,Gwalior,IN,medium_airport
Maharaja Agrasen International Airport,HSS,VIHR,29.18606,75.74142,Hisar,IN,large_airport
Halwara International Airport,HWR,VIHX,30.7485,75.6298,Halwara,IN,large_airport
Jodhpur Airport,JDH,VIJO,26.2511,73.0489,Jodhpur,IN,medium_airport
Jaipur International Airport,JAI,VIJP,26.8242,75.8122,Jaipur,IN,large_airport
Jaisalmer Airport,JSA,VIJR,26.8887,70.865,,IN,medium_airport
Jammu Airport,IXJ,VIJU,32.68885,74.83815,Jammu,IN,medium_airport
Kishangarh Airport Ajmer,KQH,VIKG,26.59101,74.81296,Ajmer (Kishangarh),IN,medium_airport
Leh Kushok Bakula Rimpochee Airport,IXL,VILH,34.1359,77.5465,Leh,IN,medium_airport
Chaudhary Charan Singh International Airport,LKO,VILK,26.7606,80.8893,Lucknow,IN,large_airport
Moradabad Airport,MZS,VIMB,28.81746,78.92187,Moradabad,IN,medium_airport
Pathankot Airport,IXP,VIPK,32.23361,75.63444,Pathankot,IN,medium_airport
Pantnagar Airport,PGH,VIPT,29.0334,79.4737,Pantnagar,IN,medium_airport
Sheikh ul Alam International Airport,SXR,VISR,33.9871,74.7742,Srinagar,IN,large_airport
Luang Phabang International Airport,LPQ,VLLB,19.90427,102.16719,Luang Phabang,LA,large_airport
Pakse International Airport,PKZ,VLPS,15.13397,105.77987,Pakse,LA,large_airport
Wattay International Airport,VTE,VLVT,17.98505,102.56669,Vientiane,LA,large_airport
Macau International Airport,MFM,VMMC,22.1496,113.592,Nossa Senhora do Carmo,MO,large_airport
Gautam Buddha International Airport,BWA,VNBW,27.50464,83.41038,Siddharthanagar (Bhairahawa),NP,large_airport
Janakpur Airport,JKR,VNJP,26.7088,85.9224,Janakpur,NP,medium_airport
Tribhuvan International Airport,KTM,VNKT,27.6966,85.3591,Kathmandu,NP,large_airport
Tenzing-Hillary Airport,LUA,VNLK,27.68677,86.72948,Lukla,NP,medium_airport
Nepalgunj Airport,KEP,VNNG,28.1036,81.667,Nepalgunj,NP,medium_airport
Pokhara Domestic Airport,PKR,VNPK,28.20062,83.9812,Pokhara,NP,medium_airport
Taplejung Airport,TPJ,VNTJ,27.3509,87.69525,Taplejung,NP,medium_airport
Biratnagar Airport,BIR,VNVT,26.4815,87.264,Biratnagar,NP,medium_airport
Agatti Airport,AGX,VOAT,10.8237,72.176,Agatti,IN,medium_airport
Kempegowda International Airport Bengaluru,BLR,VOBL,13.1979,77.7063,Bengaluru,IN,large_airport
Vijayawada International Airport,VGA,VOBZ,16.53001,80.80489,Vijayawada,IN,large_airport
Coimbatore International Airport,CJB,VOCB,11.03,77.0434,Coimbatore,IN,large_airport
Cochin International Airport,COK,VOCI,10.15105,76.40084,Kochi,IN,large_airport
Calicut International Airport,CCJ,VOCL,11.136,75.95515,Calicut,IN,large_airport
Kadapa Airport,CDP,VOCP,14.51315,78.76918,Kadapa,IN,medium_airport
Manohar International Airport,GOX,VOGA,15.74426,73.86062,Mopa,IN,large_airport
Goa Dabolim International Airport,GOI,VOGO,15.38006,73.83333,Vasco da Gama,IN,large_airport
Rajiv Gandhi International Airport,HYD,VOHS,17.23132,78.42986,Hyderabad,IN,large_airport
Kannur International Airport,CNN,VOKN,11.91634,75.54498,Kannur,IN,large_airport
Kurnool Airport,KJB,VOKU,15.71629,78.16923,Orvakal,IN,medium_airport
Madurai Airport,IXM,VOMD,9.83451,78.0934,Madurai,IN,medium_airport
Mangaluru International Airport,IXE,VOML,12.95471,74.88681,Mangaluru,IN,large_airport
Chennai International Airport,MAA,VOMM,12.99001,80.1693,Chennai,IN,large_airport
Mysore Airport,MYQ,VOMY,12.22975,76.65368,Mysore,IN,medium_airport
Veer Savarkar International Airport / INS Utkrosh,IXZ,VOPB,11.64019,92.72902,Port Blair,IN,large_airport
Pondicherry Airport,PNY,VOPC,11.968,79.812,Puducherry (Pondicherry),IN,medium_airport
Rajahmundry Airport,RJA,VORY,17.1058,81.8132,Madhurapudi,IN,medium_airport
Tirupati International Airport,TIR,VOTP,13.63199,79.53987,Tirupati,IN,large_airport
Tiruchirappalli International Airport,TRZ,VOTR,10.76291,78.71774,Tiruchirappalli,IN,large_airport
Thiruvananthapuram International Airport,TRV,VOTV,8.48189,76.92003,Thiruvananthapuram,IN,large_airport
Paro International Airport,PBH,VQPR,27.4032,89.4246,Paro,BT,large_airport
Maafaru International Airport,NMF,VRDA,5.81741,73.4684,Noonu Atoll,MV,medium_airport
Gan International Airport,GAN,VRMG,-0.69298,73.15263,Gan,MV,large_airport
Hanimaadhoo International Airport,HAQ,VRMH,6.74324,73.16707,Haa Dhaalu Atoll,MV,large_airport
Kadhdhoo Airport,KDO,VRMK,1.85917,73.5219,Kadhdhoo,MV,medium_airport
Velana International Airport,MLE,VRMM,4.19183,73.5291,Malé,MV,large_airport
Kaadedhdhoo Airport,KDM,VRMT,0.48813,72.9969,Huvadhu Atoll,MV,medium_airport
Villa International Airport Maamigili,VAM,VRMV,3.47175,72.83263,Maamigili,MV,medium_airport
Don Mueang International Airport,DMK,VTBD,13.9126,100.607,Bangkok,TH,large_airport
Trat Airport,TDX,VTBO,12.2746,102.319,Laem Ngop,TH,medium_airport
Suvarnabhumi Airport,BKK,VTBS,13.6811,100.747,Bangkok,TH,large_airport
U-Tapao–Rayong–Pattaya International Airport,UTP,VTBU,12.6799,101.005,Rayong,TH,large_airport
Chiang Mai International Airport,CNX,VTCC,18.7668,98.9626,Chiang Mai,TH,large_airport
Mae Hong Son Airport,HGN,VTCH,19.3013,97.9758,Mae Hong Son,TH,medium_airport
Lampang Airport,LPT,VTCL,18.2709,99.5042,,TH,medium_airport
Nan Airport,NNT,VTCN,18.8079,100.783,,TH,medium_airport
Mae Fah Luang - Chiang Rai International Airport,CEI,VTCT,19.9523,99.8829,Chiang Rai,TH,large_airport
Phetchabun Airport,PHY,VTPB,16.676,101.195,,TH,medium_airport
Hua Hin Airport,HHQ,VTPH,12.6362,99.9515,Hua Hin,TH,medium_airport
Mae Sot Airport,MAQ,VTPM,16.6999,98.5451,,TH,medium_airport
Sukhothai Airport,THS,VTPO,17.238,99.8182,,TH,medium_airport
Phitsanulok Airport,PHS,VTPP,16.7829,100.279,Phitsanulok,TH,medium_airport
Surat Thani Airport,URT,VTSB,9.1326,99.1356,Surat Thani,TH,medium_airport
Narathiwat Airport,NAW,VTSC,6.51992,101.743,,TH,medium_airport
Chumphon Airport,CJM,VTSE,10.7112,99.3617,Chumphon,TH,medium_airport
Nakhon Si Thammarat Airport,NST,VTSF,8.53962,99.9447,Nakhon Si Thammarat,TH,medium_airport
Krabi International Airport,KBV,VTSG,8.09559,98.98896,Krabi,TH,large_airport
Samui International Airport,USM,VTSM,9.54779,100.062,Na Thon (Ko Samui Island),TH,large_airport
Phuket International Airport,HKT,VTSP,8.11326,98.3174,Phuket,TH,large_airport
Ranong Airport,UNN,VTSR,9.77762,98.5855,Ranong,TH,medium_airport
Hat Yai International Airport,HDY,VTSS,6.93321,100.393,Hat Yai,TH,large_airport
Trang Airport,TST,VTST,7.50874,99.6166,Trang,TH,medium_airport
Udon Thani International Airport,UTH,VTUD,17.38619,102.78858,Udon Thani,TH,large_airport
Sakon Nakhon Airport,SNO,VTUI,17.1951,104.119,,TH,medium_airport
Surin Airport,PXR,VTUJ,14.8683,103.498,Surin,TH,medium_airport
Khon Kaen Airport,KKC,VTUK,16.4666,102.784,Khon Kaen,TH,medium_airport
Loei Airport,LOE,VTUL,17.4391,101.722,,TH,medium_airport
Buri Ram Airport,BFV,VTUO,15.2295,103.253,Buriram,TH,medium_airport
Ubon Ratchathani Airport,UBP,VTUU,15.2513,104.87,Ubon Ratchathani,TH,medium_airport
Roi Et Airport,ROI,VTUV,16.1168,103.774,Roi Et,TH,medium_airport
Nakhon Phanom Airport,KOP,VTUW,17.3838,104.643,Nakhon Phanom,TH,medium_airport
Buon Ma Thuot Airport,BMV,VVBM,12.6683,108.12,Buon Ma Thuot,VN,medium_airport
Cat Bi International Airport,HPH,VVCI,20.81743,106.72432,Haiphong (Hai An),VN,large_airport
Cà Mau Airport,CAH,VVCM,9.17767,105.17778,Ca Mau City,VN,medium_airport
Cam Ranh International Airport / Cam Ranh Air Base,CXR,VVCR,11.9982,109.219,Nha Trang/nha Trang aiurportCam Ranh,VN,large_airport
Con Dao Airport,VCS,VVCS,8.73183,106.633,Con Dao,VN,medium_airport
Can Tho International Airport,VCA,VVCT,10.0834,105.70937,Can Tho,VN,large_airport
Dien Bien Phu Airport,DIN,VVDB,21.3975,103.008,Dien Bien Phu,VN,medium_airport
Dong Hoi Airport,VDH,VVDH,17.515,106.59056,Dong Hoi,VN,medium_airport
Lien Khuong Airport,DLI,VVDL,11.75056,108.367,Da Lat,VN,medium_airport
Da Nang International Airport,DAD,VVDN,16.0439,108.199,Da Nang,VN,large_airport
Noi Bai International Airport,HAN,VVNB,21.2212,105.807,Hanoi (Soc Son),VN,large_airport
Phu Bai International Airport,HUI,VVPB,16.40063,107.70309,Huế,VN,medium_airport
Phu Cat Airport,UIH,VVPC,13.955,109.042,Quy Nohn,VN,medium_airport
Pleiku Airport,PXU,VVPK,14.0045,108.017,Pleiku,VN,medium_airport
Phú Quốc International Airport,PQC,VVPQ,10.16978,103.99353,Phu Quoc Island,VN,large_airport
Rach Gia Airport,VKG,VVRG,9.95803,105.13238,Rach Gia,VN,medium_airport
Dong Tac Airport,TBB,VVTH,13.0496,109.334,Tuy Hoa,VN,medium_airport
Tan Son Nhat International Airport,SGN,VVTS,10.8188,106.652,Ho Chi Minh City,VN,large_airport
Van Don International Airport,VDO,VVVD,21.12069,107.41539,Van Don,VN,medium_airport
Vinh Airport,VII,VVVH,18.7376,105.671,Vinh,VN,medium_airport
Dawei Airport,TVY,VYDW,14.1039,98.2036,Dawei,MM,medium_airport
Heho Airport,HEH,VYHH,20.74714,96.79203,Heho,MM,medium_airport
Kengtung Airport,KET,VYKG,21.3016,99.636,Kengtung,MM,medium_airport
Kyaukpyu Airport,KYP,VYKP,19.4264,93.5348,Kyaukpyu,MM,medium_airport
Kawthoung Airport,KAW,VYKT,10.0493,98.538,Kawthoung,MM,medium_airport
Loikaw Airport,LIW,VYLK,19.6915,97.2148,Loikaw,MM,medium_airport
Lashio Airport,LSH,VYLS,22.9779,97.7522,Lashio,MM,medium_airport
Mandalay International Airport,MDL,VYMD,21.7022,95.9779,Mandalay,MM,large_airport
Myeik Airport,MGZ,VYME,12.4398,98.6215,Mkeik,MM,medium_airport
Myitkyina Airport,MYT,VYMK,25.3836,97.3519,Myitkyina,MM,medium_airport
Mong Hsat Airport,MOG,VYMS,20.5168,99.2568,Mong Hsat,MM,medium_airport
Nay Pyi Taw International Airport,NYT,VYNT,19.6235,96.201,Naypyitaw,MM,large_airport
Putao Airport,PBU,VYPT,27.3299,97.4263,Putao,MM,medium_airport
Sittwe Airport,AKY,VYSW,20.13317,92.87069,Sittwe,MM,medium_airport
Thandwe Airport,SNW,VYTD,18.4607,94.3001,Thandwe,MM,medium_airport
Tachileik Airport,THL,VYTL,20.4838,99.9354,Tachileik,MM,medium_airport
Yangon International Airport,RGN,VYYY,16.9073,96.1332,Yangon,MM,large_airport
Sultan Hasanuddin International Airport,UPG,WAAA,-5.07554,119.5537,Makassar,ID,large_airport
Frans Kaisiepo Airport,BIK,WABB,-1.19002,136.108,Biak,ID,medium_airport
Mozes Kilangin Airport,TIM,WABP,-4.52978,136.88739,Timika,ID,medium_airport
Sultan Muhammad Salahuddin Airport,BMU,WADB,-8.53718,118.685,Bima,ID,medium_airport
Denpasar I Gusti Ngurah Rai International Airport,DPS,WADD,-8.74841,115.16712,"Kuta, Badung",ID,large_airport
Lombok International Airport,LOP,WADL,-8.75996,116.27817,"Mataram (Pujut, Lombok Tengah)",ID,large_airport
Sultan Babullah Airport,TTE,WAEE,0.83101,127.38161,Ternate,ID,medium_airport
Toraja Airport,TRT,WAFB,-3.18583,119.91775,Toraja,ID,medium_airport
Mutiara - SIS Al-Jufrie Airport,PLW,WAFF,-0.91646,119.90865,Palu,ID,medium_airport
Tjilik Riwut Airport,PKY,WAGG,-2.22715,113.94339,Palangkaraya,ID,medium_airport
Yogyakarta International Airport,YIA,WAHI,-7.90534,110.05726,Yogyakarta,ID,large_airport
Tunggul Wulung Airport,CXP,WAHL,-7.64506,109.034,Cilacap,ID,medium_airport
Dortheys Hiyo Eluay International Airport,DJJ,WAJJ,-2.57963,140.51986,Sentani,ID,large_airport
Oksibil Airport,OKL,WAJO,-4.9071,140.6277,Oksibil,ID,medium_airport
Mopah International Airport,MKQ,WAKK,-8.5239,140.41969,Merauke,ID,medium_airport
Tanah Merah Airport,TMH,WAKT,-6.09669,140.30352,Tanah Merah,ID,medium_airport
Sultan Aji Muhammad Sulaiman Sepinggan International Airport,BPN,WALL,-1.26834,116.89452,Balikpapan,ID,large_airport
Juwata International Airport / Suharnoko Harbani AFB,TRK,WALR,3.32515,117.56417,Tarakan,ID,medium_airport
Aji Pangeran Tumenggung Pranoto International Airport,AAP,WALS,-0.37448,117.25013,Samarinda,ID,medium_airport
Naha Airport,NAH,WAMH,3.68478,125.52716,"Tabukan Utara, Sangihe Islands",ID,medium_airport
Sam Ratulangi International Airport,MDC,WAMM,1.54859,124.92625,Manado,ID,large_airport
Warukin Airport,TJG,WAON,-2.21656,115.436,Tanta-Tabalong,ID,medium_airport
Syamsudin Noor International Airport,BDJ,WAOO,-3.44011,114.76121,Banjarbaru,ID,large_airport
Karel Sadsuitubun Airport,LUV,WAPF,-5.76028,132.75944,Langgur,ID,medium_airport
Namniwel Airport,NAM,WAPN,-3.14316,126.97647,Namniwel,ID,medium_airport
Pattimura International Airport,AMQ,WAPP,-3.71026,128.089,Ambon,ID,large_airport
Kalimarau Airport,BEJ,WAQT,2.14776,117.43071,Tanjung Redeb - Borneo Island,ID,medium_airport
Abdul Rachman Saleh Airport,MLG,WARA,-7.9291,112.71423,Malang,ID,medium_airport
Adisutjipto International Airport,JOG,WARJ,-7.78818,110.432,Yogyakarta,ID,medium_airport
Adisoemarmo International Airport,SOC,WARQ,-7.51604,110.75749,Surakarta,ID,large_airport
Juanda International Airport,SUB,WARR,-7.37983,112.787,Surabaya,ID,large_airport
Jenderal Ahmad Yani Airport,SRG,WARS,-6.97073,110.37324,Semarang,ID,large_airport
Fakfak Airport,FKQ,WASF,-2.92051,132.26701,Fakfak,ID,medium_airport
Utarom Airport,KNG,WASK,-3.6446,133.69512,Kaimana,ID,medium_airport
Rendani Airport,MKW,WASR,-0.89183,134.049,Manokwari,ID,medium_airport
Domine Eduard Osok Airport,SOQ,WASS,-0.894,131.287,Sorong,ID,medium_airport
El Tari Airport,KOE,WATT,-10.1716,123.671,Kupang,ID,medium_airport
Wamena Airport,WMX,WAVV,-4.09732,138.95242,Wamena,ID,medium_airport
Matahora Airport,WNI,WAWD,-5.29212,123.63623,Wangi-wangi Island,ID,medium_airport
Sangia Nibandera Airport,KXB,WAWP,-4.33816,121.52405,Kolaka,ID,medium_airport
Bintulu Airport,BTU,WBGB,3.12385,113.02,Bintulu,MY,medium_airport
Kuching International Airport,KCH,WBGG,1.48736,110.35286,Kuching,MY,large_airport
Limbang Airport,LMN,WBGJ,4.8083,115.01,Limbang,MY,medium_airport
Mukah Airport,MKM,WBGK,2.88194,112.04333,Mukah,MY,medium_airport
Marudi Airport,MUR,WBGM,4.17873,114.33032,Marudi,MY,medium_airport
Miri Airport,MYY,WBGR,4.32201,113.987,Miri,MY,medium_airport
Sibu Airport,SBW,WBGS,2.2616,111.985,Sibu,MY,medium_airport
Bario Airport,BBN,WBGZ,3.73465,115.47855,Bario,MY,medium_airport
Lahad Datu Airport,LDU,WBKD,5.03241,118.32376,Lahad Datu,MY,medium_airport
Kota Kinabalu International Airport,BKI,WBKK,5.93274,116.04932,Kota Kinabalu,MY,large_airport
Labuan Airport,LBU,WBKL,5.30167,115.24833,Labuan,MY,medium_airport
Sandakan Airport,SDK,WBKS,5.9009,118.059,Sandakan,MY,medium_airport
Tawau Airport,TWU,WBKW,4.31338,118.12152,Tawau,MY,medium_airport
Mulu Airport,MZV,WBMU,4.04833,114.805,Mulu,MY,medium_airport
Brunei International Airport,BWN,WBSB,4.9442,114.928,Bandar Seri Begawan,BN,large_airport
Sultan Syarif Kasim II International Airport / Roesmin Nurjadin AFB,PKU,WIBB,0.45865,101.44432,Pekanbaru,ID,medium_airport
Pinang Kampai Airport,DUM,WIBD,1.60903,101.43349,Dumai,ID,medium_airport
Kertajati International Airport,KJT,WICA,-6.64738,108.16556,Kertajati,ID,medium_airport
Husein Sastranegara International Airport,BDO,WICC,-6.90063,107.576,Bandung,ID,medium_airport
Hang Nadim International Airport,BTH,WIDD,1.12103,104.119,Batam,ID,large_airport
Raja Haji Fisabilillah International Airport,TNJ,WIDN,0.92397,104.53341,Tanjung Pinang-Bintan Island,ID,medium_airport
Halim Perdanakusuma International Airport,HLP,WIHH,-6.26699,106.89032,Jakarta,ID,large_airport
Soekarno-Hatta International Airport,CGK,WIII,-6.12557,106.656,Jakarta,ID,large_airport
Radin Inten II International Airport,TKG,WILL,-5.2468,105.18253,Bandar Lampung,ID,medium_airport
Binaka Airport,GNS,WIMB,1.16627,97.7052,Gunungsitoli,ID,medium_airport
Kualanamu International Airport,KNO,WIMM,3.63785,98.87057,Beringin,ID,large_airport
Dr. Ferdinand Lumban Tobing Airport,FLZ,WIMS,1.55713,98.88715,Sibolga (Pinangsori),ID,medium_airport
Alas Leuser Airport,LSR,WIMU,3.39146,97.86373,Kutacane,ID,medium_airport
Nanga Pinoh Airport,NPO,WIOG,-0.34864,111.74616,Nanga Pinoh-Borneo Island,ID,medium_airport
Rahadi Osman Airport,KTG,WIOK,-1.81716,109.96347,Ketapang,ID,medium_airport
Ranai Airport,NTX,WION,3.90871,108.388,Ranai-Natuna Besar Island,ID,medium_airport
Supadio International Airport,PNK,WIOO,-0.15226,109.40449,Pontianak,ID,large_airport
Pangsuma Airport,PSU,WIOP,0.83458,112.94022,Putussibau-Borneo Island,ID,medium_airport
Tebelian Airport,SQG,WIOS,-0.04521,111.45805,Sintang,ID,medium_airport
Depati Amir Airport,PGK,WIPK,-2.1622,106.139,Pangkal Pinang,ID,medium_airport
Fatmawati Soekarno Airport,BKS,WIPL,-3.8637,102.339,Bengkulu,ID,medium_airport
Sultan Mahmud Badaruddin II Airport,PLM,WIPP,-2.89765,104.69815,Palembang,ID,medium_airport
Pendopo Airport,PDO,WIPQ,-3.28607,103.88,Talang Gudang-Sumatra Island,ID,medium_airport
Minangkabau International Airport,PDG,WIPT,-0.78596,100.28038,Padang (Katapiang),ID,large_airport
Cut Nyak Dhien Airport,MEQ,WITC,4.041,96.25331,Kuala Pesisir,ID,medium_airport
Rembele Airport,TXE,WITK,4.72113,96.85194,Takengon,ID,medium_airport
Sultan Iskandar Muda International Airport,BTJ,WITT,5.52509,95.41997,Banda Aceh,ID,large_airport
Tioman Airport,TOD,WMBT,2.81818,104.16,Tioman Island,MY,medium_airport
Sultan Abdul Halim Airport,AOR,WMKA,6.18967,100.398,Alor Satar,MY,medium_airport
Sultan Ismail Petra Airport,KBR,WMKC,6.16685,102.293,Kota Baharu,MY,medium_airport
Kuantan Airport,KUA,WMKD,3.77539,103.209,Kuantan,MY,medium_airport
Sultan Azlan Shah Airport,IPH,WMKI,4.56733,101.09164,Ipoh,MY,large_airport
Senai International Airport,JHB,WMKJ,1.64131,103.67,Johor Bahru,MY,large_airport
Kuala Lumpur International Airport,KUL,WMKK,2.74558,101.71,Sepang,MY,large_airport
Langkawi International Airport,LGK,WMKL,6.32973,99.7287,Langkawi,MY,large_airport
Malacca International Airport,MKZ,WMKM,2.26561,102.25278,Malacca,MY,medium_airport
Sultan Mahmud Airport,TGG,WMKN,5.38264,103.103,Kuala Terengganu,MY,medium_airport
Penang International Airport,PEN,WMKP,5.2963,100.27618,Penang,MY,large_airport
Sultan Abdul Aziz Shah International Airport,SZB,WMSA,3.13058,101.549,Subang,MY,large_airport
"Commander in Chief of FALINTIL, Kay Rala Xanana Gusmão, International Airport",UAI,WPDB,-9.30186,125.2863,Suai,TL,medium_airport
Presidente Nicolau Lobato International Airport,DIL,WPDL,-8.54656,125.52451,Dili,TL,large_airport
Baucau Airport,BCH,WPEC,-8.48648,126.39998,Baucau,TL,medium_airport
Oecusse Route of the Sandalwood International Airport,OEC,WPOC,-9.19842,124.33787,Oecussi-Ambeno,TL,large_airport
Seletar Airport,XSP,WSSL,1.41555,103.86673,Seletar,SG,medium_airport
Singapore Changi Airport,SIN,WSSS,1.35019,103.994,Singapore,SG,large_airport
Albany Airport,ALH,YABA,-34.94333,117.80889,Albany,AU,medium_airport
Armidale Airport,ARM,YARM,-30.5281,151.617,Armidale,AU,medium_airport
Ayers Rock Connellan Airport,AYQ,YAYE,-25.18591,130.97703,Yulara,AU,medium_airport
Barcaldine Airport,BCI,YBAR,-23.56627,145.30209,Barcaldine,AU,medium_airport
Alice Springs Airport,ASP,YBAS,-23.80659,133.90343,Alice Springs,AU,medium_airport
Brisbane International Airport,BNE,YBBN,-27.3842,153.117,Brisbane,AU,large_airport
Gold Coast Airport,OOL,YBCG,-28.16596,153.50664,Gold Coast,AU,large_airport
Blackall Airport,BKQ,YBCK,-24.43168,145.42972,Blackall,AU,medium_airport
Cairns International Airport,CNS,YBCS,-16.87892,145.74948,Cairns,AU,large_airport
Charleville Airport,CTL,YBCV,-26.4133,146.26199,Charleville,AU,medium_airport
Birdsville Airport,BVI,YBDV,-25.8975,139.34801,,AU,medium_airport
Broken Hill Airport,BHQ,YBHI,-32.0014,141.472,Broken Hill,AU,medium_airport
Hamilton Island Airport,HTI,YBHM,-20.3581,148.952,Hamilton Island,AU,medium_airport
Bedourie Airport,BEU,YBIE,-24.3461,139.46001,Bedourie,AU,medium_airport
Bourke Airport,BRK,YBKE,-30.0392,145.952,,AU,medium_airport
Mount Isa Airport,ISA,YBMA,-20.66638,139.48847,Mount Isa,AU,medium_airport
Mackay Airport,MKY,YBMK,-21.17082,149.18259,Mackay,AU,medium_airport
Ballina Byron Gateway Airport,BNK,YBNA,-28.83324,153.56147,Ballina,AU,medium_airport
Oakey Army Aviation Centre,OKY,YBOK,-27.40926,151.73673,,AU,medium_airport
Boulia Airport,BQL,YBOU,-22.9133,139.89999,,AU,medium_airport
Proserpine Whitsunday Coast Airport,PPP,YBPN,-20.49442,148.55358,Proserpine,AU,medium_airport
Rockhampton Airport,ROK,YBRK,-23.38002,150.47536,Rockhampton,AU,medium_airport
Broome International Airport,BME,YBRM,-17.94919,122.2283,Broome,AU,large_airport
Sunshine Coast Airport,MCY,YBSU,-26.59332,153.08319,Maroochydore,AU,large_airport
Bathurst Airport,BHS,YBTH,-33.40682,149.65116,Bathurst,AU,medium_airport
Townsville Airport / RAAF Base Townsville,TSV,YBTL,-19.2529,146.76651,Townsville,AU,medium_airport
Bundaberg Airport,BDB,YBUD,-24.90504,152.32261,Bundaberg,AU,medium_airport
Weipa Airport,WEI,YBWP,-12.67749,141.92262,Weipa,AU,medium_airport
Toowoomba Wellcamp Airport,WTB,YBWW,-27.55833,151.79334,Toowoomba,AU,large_airport
Carnarvon Airport,CVQ,YCAR,-24.88434,113.66639,Carnarvon,AU,medium_airport
Cobar Airport,CAZ,YCBA,-31.5383,145.79401,,AU,medium_airport
Coober Pedy Airport,CPD,YCBP,-29.03831,134.72217,Coober Pedy,AU,medium_airport
Cloncurry Airport,CNJ,YCCY,-20.6686,140.504,Cloncurry,AU,medium_airport
Ceduna Airport,CED,YCDU,-32.1306,133.71001,,AU,medium_airport
Coffs Harbour Airport,CFS,YCFS,-30.3206,153.116,Coffs Harbour,AU,medium_airport
Cooktown Airport,CTN,YCKN,-15.44365,145.18322,,AU,medium_airport
Cunnamulla Airport,CMA,YCMU,-28.03,145.62199,,AU,medium_airport
Coonamble Airport,CNB,YCNM,-30.98095,148.37783,,AU,medium_airport
Coen Airport,CUQ,YCOE,-13.76113,143.11331,Coen,AU,medium_airport
Cooma Snowy Mountains Airport,OOM,YCOM,-36.30045,148.97241,Cooma,AU,medium_airport
Devonport Airport,DPO,YDPO,-41.1697,146.42999,Devonport,AU,medium_airport
Mokha International Airport,,YE-0012,13.29694,43.23186,Mokha,YE,large_airport
Elcho Island Airport,ELC,YELD,-12.0194,135.571,Elcho Island,AU,medium_airport
Emerald Airport,EMD,YEML,-23.5675,148.179,Emerald,AU,medium_airport
Esperance Airport,EPR,YESP,-33.6844,121.823,Esperance,AU,medium_airport
Fitzroy Crossing Airport,FIZ,YFTZ,-18.1836,125.55978,,AU,medium_airport
Geraldton Airport,GET,YGEL,-28.7961,114.707,Moonyoonooka,AU,medium_airport
Gladstone Airport,GLT,YGLA,-23.86976,151.22544,Gladstone,AU,medium_airport
Groote Eylandt Airport,GTE,YGTE,-13.97241,136.45855,Groote Eylandt,AU,medium_airport
Griffith Airport,GFF,YGTH,-34.2508,146.067,Griffith,AU,medium_airport
Hervey Bay Airport,HVB,YHBA,-25.32013,152.88066,Hervey Bay,AU,medium_airport
Horn Island Airport,HID,YHID,-10.58564,142.29277,Horn,AU,medium_airport
Mount Hotham Airport,MHU,YHOT,-37.0475,147.334,Mount Hotham,AU,medium_airport
King Island Airport,KNS,YKII,-39.8775,143.87801,,AU,medium_airport
Kowanyama Airport,KWM,YKOW,-15.48537,141.75257,Kowanyama,AU,medium_airport
Kingscote Airport,KGC,YKSC,-35.7139,137.521,,AU,medium_airport
Leonora Airport,LNO,YLEO,-28.8781,121.315,Leonora,AU,medium_airport
Lockhart River Airport,IRG,YLHR,-12.7869,143.30499,Lockhart River,AU,medium_airport
Lismore Airport,LSY,YLIS,-28.83069,153.25842,Lismore,AU,medium_airport
Lightning Ridge Airport,LHG,YLRD,-29.45286,147.97715,,AU,medium_airport
Longreach Airport,LRE,YLRE,-23.4342,144.28,Longreach,AU,medium_airport
Leinster Airport,LER,YLST,-27.8433,120.703,,AU,medium_airport
Melbourne Avalon International Airport,AVV,YMAV,-38.04027,144.4672,Geelong/Melbourne,AU,large_airport
Albury Airport,ABX,YMAY,-36.06676,146.95915,East Albury,AU,medium_airport
Meekatharra Airport,MKR,YMEK,-26.6117,118.548,,AU,medium_airport
Melbourne Essendon Airport,MEB,YMEN,-37.7281,144.90199,Essendon Fields,AU,medium_airport
Merimbula Airport,MIM,YMER,-36.9086,149.901,Merimbula,AU,medium_airport
Maningrida Airport,MNG,YMGD,-12.0561,134.23399,Maningrida,AU,medium_airport
Hobart International Airport,HBA,YMHB,-42.83703,147.51302,Hobart (Cambridge),AU,large_airport
Mildura Airport,MQL,YMIA,-34.2292,142.086,Mildura,AU,medium_airport
Launceston Airport,LST,YMLT,-41.54494,147.21078,Launceston (Western Junction),AU,medium_airport
Melbourne Moorabbin Airport,MBW,YMMB,-37.97776,145.0998,Melbourne,AU,medium_airport
Melbourne Airport,MEL,YMML,-37.67073,144.8379,Melbourne,AU,large_airport
Mount Magnet Airport,MMG,YMOG,-28.1161,117.842,,AU,medium_airport
Moree Airport,MRZ,YMOR,-29.4989,149.845,Moree,AU,medium_airport
Moranbah Airport,MOV,YMRB,-22.0578,148.077,Moranbah,AU,medium_airport
Moruya Airport,MYA,YMRY,-35.8978,150.144,Moruya,AU,medium_airport
Mount Gambier Airport,MGB,YMTG,-37.74438,140.78056,Mount Gambier,AU,medium_airport
Narrandera Airport,NRA,YNAR,-34.7022,146.51199,Narrandera,AU,medium_airport
Narrabri Airport,NAA,YNBR,-30.3192,149.827,Narrabri,AU,medium_airport
Normanton Airport,NTN,YNTN,-17.68409,141.06966,Normanton,AU,medium_airport
Newman Airport,ZNE,YNWN,-23.4178,119.803,Newman,AU,medium_airport
Adelaide International Airport,ADL,YPAD,-34.94751,138.53339,Adelaide,AU,large_airport
Port Augusta Airport,PUG,YPAG,-32.5069,137.717,,AU,medium_airport
Paraburdoo Airport,PBO,YPBO,-23.1711,117.745,Paraburdoo,AU,medium_airport
Cocos (Keeling) Islands Airport,CCK,YPCC,-12.19222,96.8341,West Island,CC,large_airport
Darwin International Airport / RAAF Darwin,DRW,YPDN,-12.41497,130.88185,Darwin,AU,large_airport
Gove Airport,GOV,YPGV,-12.2694,136.81799,Nhulunbuy,AU,medium_airport
Karratha Airport,KTA,YPKA,-20.7122,116.773,Karratha,AU,medium_airport
Kalgoorlie Boulder Airport,KGI,YPKG,-30.79154,121.46459,Broadwood,AU,medium_airport
Parkes Airport,PKE,YPKS,-33.1314,148.239,Parkes,AU,medium_airport
East Kimberley Regional (Kununurra) Airport,KNX,YPKU,-15.7781,128.70799,Kununurra,AU,medium_airport
Port Lincoln Airport,PLO,YPLC,-34.6053,135.88,Port Lincoln,AU,medium_airport
Learmonth Airport,LEA,YPLM,-22.2352,114.09002,Exmouth,AU,medium_airport
Port Macquarie Airport,PQQ,YPMQ,-31.4358,152.86301,Port Macquarie,AU,medium_airport
Portland Airport,PTJ,YPOD,-38.3181,141.47099,,AU,medium_airport
Port Hedland International Airport,PHE,YPPD,-20.38279,118.62979,Port Hedland,AU,large_airport
Perth International Airport,PER,YPPH,-31.9403,115.967,Perth,AU,large_airport
Christmas Island International Airport,XCH,YPXM,-10.45039,105.6911,Flying Fish Cove,CX,medium_airport
Quilpie Airport,ULP,YQLP,-26.60918,144.25375,,AU,medium_airport
Roma Airport,RMA,YROM,-26.545,148.77499,Roma,AU,medium_airport
Canberra Airport,CBR,YSCB,-35.3069,149.19501,Canberra,AU,medium_airport
Dubbo City Regional Airport,DBO,YSDU,-32.2167,148.575,Dubbo,AU,medium_airport
Shark Bay Airport,MJK,YSHK,-25.89729,113.5758,Denham,AU,medium_airport
Snake Bay Airport,SNB,YSNB,-11.41767,130.64848,Milikapiti,AU,medium_airport
Norfolk Island International Airport,NLK,YSNF,-29.04176,167.93947,Burnt Pine,NF,medium_airport
Sydney Kingsford Smith International Airport,SYD,YSSY,-33.9461,151.177,Sydney (Mascot),AU,large_airport
Tamworth Airport,TMW,YSTW,-31.0779,150.84548,Tamworth,AU,medium_airport
Wagga Wagga Airport,WGA,YSWG,-35.16348,147.46832,Forest Hill,AU,medium_airport
Thargomindah Airport,XTG,YTGM,-27.98637,143.81206,Thargomindah,AU,medium_airport
Thangool Airport,THG,YTNG,-24.49486,150.57797,Biloela,AU,medium_airport
Tennant Creek Airport,TCA,YTNK,-19.6344,134.183,Tennant Creek,AU,medium_airport
Windorah Airport,WNR,YWDH,-25.41064,142.66843,Windorah,AU,medium_airport
Whyalla Airport,WYA,YWHA,-33.0589,137.51401,Whyalla,AU,medium_airport
Walgett Airport,WGE,YWLG,-30.0328,148.12601,,AU,medium_airport
Newcastle Airport,NTL,YWLM,-32.79611,151.83503,Williamtown,AU,large_airport
Wiluna Airport,WUN,YWLU,-26.6292,120.221,,AU,medium_airport
Winton Airport,WIN,YWTN,-22.3636,143.086,,AU,medium_airport
Wynyard Airport,BWT,YWYY,-40.99704,145.726,Burnie,AU,medium_airport
Beijing Capital International Airport,PEK,ZBAA,40.07735,116.5967,Beijing,CN,large_airport
Beijing Daxing International Airport,PKX,ZBAD,39.50129,116.41397,Beijing,CN,large_airport
Chengde Puning Airport,CDE,ZBCD,41.1225,118.07389,Chengde,CN,medium_airport
Chifeng Yulong Airport,CIF,ZBCF,42.15972,118.84097,Chifeng,CN,medium_airport
Qinhuangdao Beidaihe Airport,BPE,ZBDH,39.66638,119.06138,Qinhuangdao (Changli),CN,medium_airport
Ordos Ejin Horo International Airport,DSN,ZBDS,39.49351,109.8599,Ordos,CN,large_airport
Datong Yungang International Airport,DAT,ZBDT,40.06139,113.48051,Datong,CN,large_airport
Erenhot Saiwusu International Airport,ERL,ZBER,43.42408,112.09108,Erenhot,CN,medium_airport
Arxan Yi'ershi Airport,YIE,ZBES,47.3106,119.9117,Arxan,CN,medium_airport
Handan Airport,HDG,ZBHD,36.52482,114.42413,Handan,CN,medium_airport
Hohhot Baita International Airport,HET,ZBHH,40.84966,111.8246,Hohhot,CN,large_airport
Holingol Huolinhe Airport,HUO,ZBHZ,45.48722,119.40722,Holingol,CN,medium_airport
Hulunbuir Hailar Airport,HLD,ZBLA,49.20862,119.8223,Hailar,CN,large_airport
Linfen Yaodu Airport,LFQ,ZBLF,36.13263,111.64124,Linfen (Yaodu),CN,medium_airport
Lüliang Dawu Airport,LLV,ZBLL,37.68333,111.14278,Lüliang,CN,medium_airport
Manzhouli Xijiao Airport,NZH,ZBMZ,49.56667,117.33,Manzhouli,CN,medium_airport
Baotou Donghe International Airport,BAV,ZBOW,40.56,109.997,Baotou,CN,large_airport
Shuozhou Zirun Airport,SZH,ZBSG,39.27324,112.69155,Shuozhou,CN,medium_airport
Shijiazhuang Zhengding International Airport,SJW,ZBSJ,38.2807,114.697,Shijiazhuang,CN,large_airport
Tianjin Binhai International Airport,TSN,ZBTJ,39.1244,117.346,Tianjin,CN,large_airport
Tongliao Airport,TGO,ZBTL,43.5567,122.2,Tongliao,CN,medium_airport
Ulanqab Jining Airport,UCB,ZBUC,41.13027,113.10727,Ulanqab,CN,medium_airport
Wuhai Airport,WUA,ZBUH,39.7934,106.7993,Wuhai,CN,medium_airport
Xilinhot Airport,XIL,ZBXH,43.9156,115.964,Xilinhot,CN,medium_airport
Yuncheng Yanhu International Airport,YCU,ZBYC,35.11782,111.03402,Yuncheng (Yanhu),CN,large_airport
Taiyuan Wusu International Airport,TYN,ZBYN,37.7469,112.628,Taiyuan,CN,large_airport
Bayannur Tianjitai Airport,RLK,ZBYZ,40.92636,107.74093,Bayannur,CN,medium_airport
Zhangjiakou Ningyuan Airport,ZQZ,ZBZJ,40.73866,114.9334,Zhangjiakou,CN,medium_airport
Zhalantun Genghis Khan Airport,NZL,ZBZL,47.86594,122.76866,Zhalantun,CN,medium_airport
Beihai Fucheng Airport,BHY,ZGBH,21.53866,109.29368,Beihai,CN,medium_airport
Baise (Bose) Bama Airport,AEB,ZGBS,23.7206,106.96,Baise (Tianyang),CN,medium_airport
Changde Taohuayuan Airport,CGD,ZGCD,28.9189,111.64,Changde (Dingcheng),CN,medium_airport
Huaihua Zhijiang Airport,HJJ,ZGCJ,27.44309,109.70467,Huaihua,CN,medium_airport
Chenzhou Beihu Airport,HCZ,ZGCZ,25.75342,112.8454,Chenzhou,CN,medium_airport
Zhangjiajie Hehua International Airport,DYG,ZGDY,29.10475,110.44279,Zhangjiajie (Yongding),CN,large_airport
Foshan Shadi Airport,FUO,ZGFS,23.0825,113.07083,Foshan (Nanhai),CN,medium_airport
Guangzhou Baiyun International Airport,CAN,ZGGG,23.3924,113.299,Guangzhou (Huadu),CN,large_airport
Changsha Huanghua International Airport,CSX,ZGHA,28.1892,113.22,Changsha (Changsha),CN,large_airport
Hechi Jinchengjiang Airport,HCJ,ZGHC,24.80434,107.71082,Hechi (Jinchengjiang),CN,medium_airport
Huizhou Pingtan Airport,HUZ,ZGHZ,23.05,114.6,Huizhou (Pingtan),CN,medium_airport
Guilin Liangjiang International Airport,KWL,ZGKL,25.21983,110.03955,Guilin (Lingui),CN,large_airport
Yongzhou Lingling Airport,LLF,ZGLG,26.33866,111.61004,Yongzhou,CN,medium_airport
Nanning Wuxu International Airport,NNG,ZGNN,22.59807,108.18192,Nanning (Jiangnan),CN,large_airport
Jieyang Chaoshan International Airport,SWA,ZGOW,23.552,116.5033,Jieyang (Rongcheng),CN,large_airport
Zhuhai Jinwan Airport,ZUH,ZGSD,22.0064,113.376,Zhuhai (Jinwan),CN,large_airport
Shaoyang Wugang Airport,WGN,ZGSY,26.80612,110.64104,Shaoyang (Wugang),CN,medium_airport
Shenzhen Bao'an International Airport,SZX,ZGSZ,22.63947,113.80326,Shenzhen,CN,large_airport
Wuzhou Xijiang Airport,WUZ,ZGWZ,23.40316,111.09331,Tangbu,CN,medium_airport
Yulin Fumian Airport,YLX,ZGYL,22.43304,110.12,Yulin,CN,medium_airport
Yueyang Sanhe Airport,YYA,ZGYY,29.3117,113.28157,Yueyang (Yueyanglou),CN,medium_airport
Liuzhou Bailian Airport / Bailian Air Base,LZH,ZGZH,24.2075,109.391,Liuzhou (Liujiang),CN,medium_airport
Zhanjiang Wuchuan International Airport,ZHA,ZGZJ,21.48167,110.59028,Zhanjiang,CN,large_airport
Zhengzhou Xinzheng International Airport,CGO,ZHCC,34.5265,113.84916,Zhengzhou,CN,large_airport
Ezhou Huahu International Airport,EHU,ZHEC,30.34118,115.03926,Ezhou,CN,large_airport
Enshi Xujiaping Airport,ENH,ZHES,30.3203,109.485,Enshi (Enshi),CN,medium_airport
Wuhan Tianhe International Airport,WUH,ZHHH,30.7748,114.21372,Wuhan (Huangpi),CN,large_airport
Jingzhou Shashi Airport,SHS,ZHJZ,30.29281,112.44854,Jingzhou (Shashi),CN,medium_airport
Luoyang Beijiao Airport,LYA,ZHLY,34.7411,112.388,Luoyang (Laocheng),CN,large_airport
Shennongjia Hongping Airport,HPG,ZHSN,31.626,110.34,Shennongjia (Hongping),CN,medium_airport
Shiyan Wudangshan Airport,WDS,ZHSY,32.59289,110.9063,Shiyan (Maojian),CN,medium_airport
Xiangyang Liuji Airport,XFN,ZHXF,32.15222,112.29167,Xiangyang (Xiangzhou),CN,medium_airport
Xinyang Minggang Airport,XAI,ZHXY,32.54082,114.07914,Xinyang,CN,medium_airport
Yichang Sanxia Airport,YIH,ZHYC,30.55413,111.48256,Yichang (Xiaoting),CN,medium_airport
Haikou Meilan International Airport,HAK,ZJHK,19.9349,110.459,Haikou (Meilan),CN,large_airport
Qionghai Bo'ao Airport,BAR,ZJQH,19.14095,110.45277,Qionghai (Basuo),CN,medium_airport
Sanya Phoenix International Airport,SYX,ZJSY,18.3029,109.412,Sanya (Tianya),CN,large_airport
Orang (Chongjin) Airport,RGO,ZKHM,41.42854,129.64756,Hoemun-ri,KP,medium_airport
Pyongyang Sunan International Airport,FNJ,ZKPY,39.2241,125.67,Pyongyang,KP,large_airport
Sondok Airport,DSO,ZKSD,39.7452,127.474,Sŏndŏng-ni,KP,medium_airport
Wonsan Kalma Airport,WOS,ZKWS,39.16522,127.48793,Wonsan,KP,medium_airport
Dunhuang Mogao International Airport,DNH,ZLDH,40.16195,94.81283,Dunhuang,CN,large_airport
Haixi Delingha Airport,HXD,ZLDL,37.12529,97.26866,Delingha,CN,medium_airport
Golog Maqên Airport,GMQ,ZLGL,34.41807,100.30114,Golog (Maqên),CN,medium_airport
Golmud Airport,GOQ,ZLGM,36.4006,94.7861,Golmud,CN,medium_airport
Guyuan Liupanshan Airport,GYU,ZLGY,36.07889,106.21694,Guyuan (Yuanzhou),CN,medium_airport
Huatugou Airport,HTT,ZLHX,38.20164,90.83784,Mengnai,CN,medium_airport
Hanzhong Chenggu Airport,HZG,ZLHZ,33.13353,107.20382,Hanzhong (Chenggu),CN,medium_airport
Yinchuan Hedong International Airport,INC,ZLIC,38.32276,106.39321,Yinchuan,CN,large_airport
Jinchang Jinchuan Airport,JIC,ZLJC,38.54222,102.34833,Jinchang,CN,medium_airport
Jiayuguan International Airport,JGN,ZLJQ,39.85905,98.33934,Jiayuguan,CN,large_airport
Lanzhou Zhongchuan International Airport,LHW,ZLLL,36.5152,103.62,Lanzhou (Yongdeng),CN,large_airport
Longnan Chengzhou Airport,LNL,ZLLN,33.78992,105.79001,Longnan (Cheng),CN,medium_airport
Qingyang Xifeng Airport,IQN,ZLQY,35.80264,107.5989,Qingyang (Xifeng),CN,medium_airport
Tianshui Maijishan Airport,THQ,ZLTS,34.5601,105.86034,Tianshui (Maiji),CN,medium_airport
Gannan Xiahe Airport,GXH,ZLXH,34.81901,102.62226,Gannan (Xiahe),CN,medium_airport
Xining Caojiabao International Airport,XNN,ZLXN,36.52775,102.04022,Haidong (Huzhu Tu Autonomous County),CN,large_airport
Xi'an Xianyang International Airport,XIY,ZLXY,34.44221,108.76238,Xi'an,CN,large_airport
Yan'an Nanniwan Airport,ENY,ZLYA,36.47941,109.46408,Yan'an (Baota),CN,medium_airport
Yulin Yuyang Airport,UYN,ZLYL,38.35971,109.59093,Yulin,CN,medium_airport
Yushu Batang Airport,YUS,ZLYS,32.83639,97.03639,Yushu (Batang),CN,medium_airport
Zhongwei Shapotou Airport,ZHY,ZLZW,37.57312,105.15445,Zhongwei (Shapotou),CN,medium_airport
Zhangye Ganzhou Airport,YZY,ZLZY,38.8019,100.675,Zhangye (Ganzhou),CN,medium_airport
Arvaikheer Airport,AVK,ZMAH,46.2503,102.802,Arvaikheer,MN,medium_airport
Altai Airport,LTI,ZMAT,46.3764,96.2211,Altai,MN,medium_airport
Bayankhongor Airport,BYN,ZMBH,46.1633,100.704,Bayankhongor,MN,medium_airport
Bulgan Airport,UGA,ZMBN,48.855,103.476,Bulgan,MN,medium_airport
Choibalsan Airport,COQ,ZMCD,48.13538,114.64723,,MN,medium_airport
Ulaanbaatar Chinggis Khaan International Airport,UBN,ZMCK,47.64692,106.81983,Ulaanbaatar (Sergelen),MN,large_airport
Dalanzadgad Airport,DLZ,ZMDZ,43.60863,104.36773,Dalanzadgad,MN,medium_airport
Khovd Airport,HVD,ZMKD,47.9541,91.6282,Khovd,MN,medium_airport
Mörön Airport,MXV,ZMMN,49.66368,100.10003,Mörön,MN,medium_airport
Ulaangom Airport,ULO,ZMUG,50.06659,91.93827,Ulaangom,MN,medium_airport
Ölgii Mongolei International Airport,ULG,ZMUL,48.9933,89.9225,Ölgii,MN,medium_airport
Baoshan Yunrui Airport,BSD,ZPBS,25.0533,99.1683,Baoshan (Longyang),CN,medium_airport
Cangyuan Washan Airport,CWJ,ZPCW,23.27633,99.37317,Lincang (Cangyuan),CN,medium_airport
Dali Fengyi Airport,DLU,ZPDL,25.6494,100.319,Dali (Xiaguan),CN,medium_airport
Diqing Shangri-La Airport,DIG,ZPDQ,27.7936,99.6772,Diqing (Shangri-La),CN,medium_airport
Xishuangbanna Gasa International Airport,JHG,ZPJH,21.97465,100.76222,Jinghong (Gasa),CN,large_airport
Lancang Jingmai Airport,JMJ,ZPJM,22.41773,99.78401,Pu'er (Lancang),CN,medium_airport
Lincang Boshang Airport,LNJ,ZPLC,23.7381,100.025,Lincang,CN,medium_airport
Lijiang Sanyi International Airport,LJG,ZPLJ,26.67748,100.24494,Lijiang,CN,large_airport
Dehong Mangshi International Airport,LUM,ZPMS,24.4011,98.5317,Dehong (Mangshi),CN,medium_airport
Kunming Changshui International Airport,KMG,ZPPP,25.11031,102.93674,Kunming,CN,large_airport
Zhaotong Airport,,ZPZT,27.32755,103.75617,Zhaotong (Zhaoyang),CN,medium_airport
Xiamen Gaoqi International Airport,XMN,ZSAM,24.54389,118.12745,Xiamen,CN,large_airport
Anqing Tianzhushan Airport / Anqing North Air Base,AQG,ZSAQ,30.5822,117.05,Anqing,CN,medium_airport
Changzhou Benniu International Airport,CZX,ZSCG,31.92048,119.77546,Changzhou,CN,medium_airport
Nanchang Changbei International Airport,KHN,ZSCN,28.86482,115.90271,Nanchang,CN,large_airport
Dongying Shengli Airport,DOY,ZSDY,37.50137,118.78986,Dongying (Kenli),CN,medium_airport
Fuyang Xiguan Airport,FUG,ZSFY,32.88216,115.73436,"Yingzhou, Fuyang",CN,medium_airport
Fuzhou Changle International Airport,FOC,ZSFZ,25.92925,119.67252,Fuzhou (Changle),CN,large_airport
Hangzhou Xiaoshan International Airport,HGH,ZSHC,30.23609,120.42887,Hangzhou,CN,large_airport
Heze Mudan Airport,HZA,ZSHZ,35.21297,115.73675,Heze (Dingtao),CN,medium_airport
Jingdezhen Luojia Airport,JDZ,ZSJD,29.3386,117.176,Jingdezhen,CN,medium_airport
Jining Da'an Airport,JNG,ZSJG,35.64736,116.74327,Jining,CN,medium_airport
Jinan Yaoqiang International Airport,TNA,ZSJN,36.8572,117.216,Jinan (Licheng),CN,large_airport
Quzhou Airport,JUZ,ZSJU,28.96613,118.89879,Quzhou (Kezheng),CN,medium_airport
Lianyungang Huaguoshan International Airport,LYG,ZSLG,34.41406,119.17899,Lianyungang,CN,large_airport
Liancheng Guanzhishan Airport,LCX,ZSLO,25.67592,116.74591,Longyan (Liancheng),CN,medium_airport
Taizhou Luqiao Airport,HYN,ZSLQ,28.5622,121.429,Taizhou (Luqiao),CN,medium_airport
Linyi Qiyang Airport,LYI,ZSLY,35.05292,118.41183,Linyi (Hedong),CN,medium_airport
Ningbo Lishe International Airport,NGB,ZSNB,29.8267,121.462,Ningbo,CN,large_airport
Nanjing Lukou International Airport,NKG,ZSNJ,31.73503,118.86595,Nanjing,CN,large_airport
Nantong Xingdong International Airport,NTG,ZSNT,32.07357,120.98008,Nantong (Tongzhou),CN,medium_airport
Hefei Xinqiao International Airport,HFE,ZSOF,31.98779,116.9769,Hefei,CN,large_airport
Shanghai Pudong International Airport,PVG,ZSPD,31.1434,121.805,Shanghai (Pudong),CN,large_airport
Qingdao Jiaodong International Airport,TAO,ZSQD,36.36195,120.08817,Qingdao (Jiaozhou),CN,large_airport
Quanzhou Jinjiang International Airport,JJN,ZSQZ,24.79585,118.5886,Quanzhou,CN,large_airport
Rizhao Shanzihe Airport,RIZ,ZSRZ,35.40503,119.3244,Rizhao (Donggang),CN,medium_airport
Huai'an Lianshui Airport,HIA,ZSSH,33.79271,119.12666,Huai'an,CN,large_airport
Sanming Shaxian Airport,SQJ,ZSSM,26.4263,117.8336,Sanming (Sha),CN,medium_airport
Shangrao Sanqingshan Airport,SQD,ZSSR,28.3797,117.9643,Shangrao (Hengfeng),CN,medium_airport
Shanghai Hongqiao International Airport,SHA,ZSSS,31.1981,121.33426,Shanghai (Minhang),CN,large_airport
Huangshan Tunxi International Airport,TXN,ZSTX,29.7333,118.256,Huangshan,CN,large_airport
Wuhu Xuanzhou Airport,WHA,ZSWA,31.1045,118.66687,Wuhu,CN,medium_airport
Weifang Nanyuan Airport,WEF,ZSWF,36.6467,119.119,Weifang (Kuiwen),CN,medium_airport
Weihai Dashuibo Airport,WEH,ZSWH,37.1871,122.229,Weihai,CN,medium_airport
Sunan Shuofang International Airport,WUX,ZSWX,31.49695,120.43038,Wuxi,CN,large_airport
Nanping Wuyishan Airport,WUS,ZSWY,27.7019,118.001,Wuyishan,CN,medium_airport
Wenzhou Longwan International Airport,WNZ,ZSWZ,27.91057,120.85346,Wenzhou (Longwan),CN,large_airport
Xuzhou Guanyin International Airport,XUZ,ZSXZ,34.05906,117.55528,Xuzhou,CN,medium_airport
Yangzhou Taizhou Airport,YTY,ZSYA,32.5634,119.7198,Yangzhou,CN,medium_airport
Yichun Mingyueshan Airport,YIC,ZSYC,27.8025,114.3062,Yichun,CN,medium_airport
Yancheng Nanyang International Airport,YNZ,ZSYN,33.42832,120.20545,Yancheng (Tinghu),CN,large_airport
Yantai Penglai International Airport,YNT,ZSYT,37.65972,120.97812,Yantai,CN,large_airport
Yiwu Airport,YIW,ZSYW,29.3421,120.03116,Yiwu/Jinhua,CN,large_airport
Zhoushan Putuoshan International Airport,HSN,ZSZS,29.93387,122.36231,Zhoushan,CN,large_airport
Ngari Gunsa Airport,NGQ,ZUAL,32.09794,80.05397,Shiquanhe,CN,medium_airport
Anshun Huangguoshu Airport,AVA,ZUAS,26.26056,105.87333,Anshun (Xixiu),CN,medium_airport
Qamdo Bangda Airport,BPX,ZUBD,30.5536,97.1083,Bangda,CN,medium_airport
Bijie Feixiong Airport,BFJ,ZUBJ,27.26707,105.4721,Bijie,CN,medium_airport
Chongqing Jiangbei International Airport,CKG,ZUCK,29.71225,106.65189,Chongqing,CN,large_airport
Dazhou Jinya Airport,DZH,ZUDA,31.04882,107.43565,Dazhou (Dachuan),CN,medium_airport
Daocheng Yading Airport,DCY,ZUDC,29.31632,100.06032,Garzê (Daocheng),CN,medium_airport
Guangyuan Panlong Airport,GYS,ZUGU,32.39025,105.69457,Guangyuan (Lizhou),CN,medium_airport
Guiyang Longdongbao International Airport,KWE,ZUGY,26.54181,106.80402,Guiyang (Nanming),CN,large_airport
Jiuzhai Huanglong Airport,JZH,ZUJZ,32.85333,103.68222,Ngawa (Songpan),CN,medium_airport
Kangding Airport,KGT,ZUKD,30.14246,101.73872,Garzê (Kangding),CN,medium_airport
Kaili Huangping Airport,KJH,ZUKJ,26.972,107.988,Kaili  (Huangping),CN,medium_airport
Lhasa Gonggar International Airport,LXA,ZULS,29.298,90.91195,Shannan (Gonggar),CN,large_airport
Luzhou Yunlong Airport,LZO,ZULZ,29.03036,105.46841,Luzhou (Yunlong),CN,medium_airport
Zunyi Maotai Airport,WMT,ZUMT,27.96184,106.43542,Zunyi,CN,medium_airport
Mianyang Nanjiao Airport,MIG,ZUMY,31.4281,104.741,Mianyang (Fucheng),CN,medium_airport
Liping Airport,HZH,ZUNP,26.32217,109.1499,Liping,CN,medium_airport
Nyingchi Mainling Airport,LZY,ZUNZ,29.3033,94.3353,Nyingchi (Mainling),CN,medium_airport
Liupanshui Yuezhao Airport,LPF,ZUPS,26.60942,104.979,Liupanshui (Zhongshan),CN,medium_airport
Qianjiang Wulingshan Airport,JIQ,ZUQJ,29.51333,108.83111,Qianjiang,CN,medium_airport
Xigaze Peace Airport / Shigatse Air Base,RKZ,ZURK,29.35088,89.29916,Xigazê (Samzhubzê),CN,large_airport
Tengchong Tuofeng Airport,TCZ,ZUTC,24.93806,98.48583,Baoshan (Tengchong),CN,medium_airport
Chengdu Tianfu International Airport,TFU,ZUTF,30.31252,104.44128,Chengdu (Jianyang),CN,large_airport
Tongren Fenghuang Airport,TEN,ZUTR,27.88333,109.30889,Tongren (Daxing),CN,medium_airport
Chengdu Shuangliu International Airport,CTU,ZUUU,30.55826,103.94597,Chengdu (Shuangliu),CN,large_airport
Chongqing Xiannüshan Airport,CQW,ZUWL,29.46566,107.69366,Wulong,CN,medium_airport
Xichang Qingshan Airport,XIC,ZUXC,27.9891,102.184,Liangshan (Xichang),CN,medium_airport
Yibin Wuliangye Airport,YBP,ZUYB,28.85843,104.52616,Yibin (Cuiping),CN,medium_airport
Xingyi Wanfenglin Airport,ACX,ZUYI,25.08342,104.9608,Xingyi,CN,medium_airport
Panzhihua Bao'anying Airport,PZI,ZUZH,26.54,101.79852,Panzhihua (Renhe),CN,medium_airport
Zunyi Xinzhou Airport,ZYI,ZUZY,27.81072,107.24719,Zunyi,CN,medium_airport
Aksu Hongqipo Airport,AKU,ZWAK,41.2625,80.2917,Aksu (Onsu),CN,medium_airport
Altay Xuedu Airport,AAT,ZWAT,47.74989,88.08581,Altay,CN,medium_airport
Bole Alashankou Airport,BPL,ZWBL,44.89546,82.30007,Bole,CN,medium_airport
Qiemo Yudu Airport,IQM,ZWCM,38.23452,85.46546,Qiemo,CN,medium_airport
Fuyun Koktokay Airport,FYN,ZWFY,46.80417,89.51201,Fuyun,CN,medium_airport
Hami Airport,HMI,ZWHM,42.8414,93.6692,Hami,CN,medium_airport
Korla Licheng Airport,KRL,ZWKL,41.61498,86.14082,Korla,CN,medium_airport
Burqin Kanas Airport,KJI,ZWKN,48.2223,86.9959,Burqin,CN,medium_airport
Xinyuan Nalati Airport,NLT,ZWNL,43.4318,83.3786,Xinyuan,CN,medium_airport
Ruoqiang Loulan Airport,RQA,ZWRQ,38.97472,88.00833,Ruoqiang Town,CN,medium_airport
Shache Airport,QSZ,ZWSC,38.24542,77.05615,Shache,CN,medium_airport
Kashgar Laining International Airport,KHG,ZWSH,39.54227,76.02023,Kashgar,CN,large_airport
Turpan Jiaohe Airport,TLQ,ZWTL,43.0308,89.0987,Turpan,CN,medium_airport
Hotan Airport,HTN,ZWTN,37.0385,79.8649,Hotan,CN,medium_airport
Ürümqi Tianshan International Airport,URC,ZWWW,43.91358,87.47937,Ürümqi,CN,large_airport
Ili Yining International Airport,YIN,ZWYN,43.9558,81.3303,Ili (Yining / Ghulja),CN,medium_airport
Anshan Teng'ao Airport / Anshan Air Base,AOG,ZYAS,41.1053,122.854,Anshan,CN,medium_airport
Baicheng Chang'an Airport,DBC,ZYBA,45.50528,123.01972,Baicheng,CN,medium_airport
Changbaishan Airport,NBS,ZYBS,42.06694,127.60222,Baishan,CN,medium_airport
Changchun Longjia International Airport,CGQ,ZYCC,43.9962,125.685,Changchun,CN,large_airport
Chaoyang Airport,CHG,ZYCY,41.5381,120.435,"Shuangta, Chaoyang",CN,medium_airport
Dandong Langtou International Airport,DDG,ZYDD,40.02545,124.28669,Dandong (Zhenxing),CN,medium_airport
Wudalianchi Dedu Airport,DTU,ZYDU,48.44104,126.12837,Heihe,CN,medium_airport
Fuyuan Dongji Airport,FYJ,ZYFY,48.19722,134.36298,Fuyuan,CN,medium_airport
Harbin Taiping International Airport,HRB,ZYHB,45.6234,126.25,Harbin,CN,large_airport
Heihe Aihui Airport,HEK,ZYHE,50.17162,127.30888,Heihe,CN,medium_airport
Daxing'anling Elunchun Airport,JGD,ZYJD,50.37139,124.1175,Jiagedaqi,CN,medium_airport
Jiamusi Songjiang International Airport,JMU,ZYJM,46.84279,130.46426,Jiamusi,CN,medium_airport
Jiansanjiang Shidi Airport,JSJ,ZYJS,47.10825,132.65792,Jiansanjiang,CN,medium_airport
Jixi Xingkaihu Airport,JXA,ZYJX,45.293,131.193,Jixi,CN,medium_airport
Jinzhou Bay Airport,JNZ,ZYJZ,40.93603,121.27711,Jinzhou (Linghai),CN,medium_airport
Yichun Lindu Airport,LDS,ZYLD,47.75206,129.01913,Yichun,CN,medium_airport
Mudanjiang Hailang International Airport,MDG,ZYMD,44.52517,129.56863,Mudanjiang,CN,medium_airport
Mohe Gulian Airport,OHE,ZYMH,52.91687,122.42276,Mohe,CN,medium_airport
Qiqihar Sanjiazi Airport,NDG,ZYQQ,47.22997,123.91418,Qiqihar,CN,large_airport
Songyuan Chaganhu Airport,YSQ,ZYSQ,44.93114,124.55212,Qian Gorlos Mongol Autonomous County,CN,medium_airport
Dalian Zhoushuizi International Airport,DLC,ZYTL,38.96572,121.53848,Dalian (Ganjingzi),CN,large_airport
Tonghua Sanyuanpu Airport,TNH,ZYTN,42.04843,125.73396,Tonghua,CN,medium_airport
Shenyang Taoxian International Airport,SHE,ZYTX,41.6398,123.48367,Shenyang,CN,large_airport
Yanji Chaoyangchuan Airport,YNJ,ZYYJ,42.8828,129.451,Yanji,CN,medium_airport
Yingkou Lanqi Airport,YKH,ZYYK,40.54252,122.3586,Yingkou (Laobian),CN,medium_airport
